Date,Close/Last,Open,High,Low,Volume
2020-04-20,23650.439453,24095.099609,24108.689453,23627.189453,423410000
2020-04-17,24242.490234,23817.150391,24264.210938,23817.150391,525950000
2020-04-16,23537.679688,23543.660156,23598.080078,23211.380859,471050000
2020-04-15,23504.349609,23600.720703,23649.720703,23233.320313,437630000
2020-04-14,23949.759766,23690.570313,24040.580078,23683.439453,485910000
2020-04-13,23390.769531,23698.929688,23698.929688,23095.349609,394320000
2020-04-09,23719.369141,23690.660156,24008.990234,23504.089844,566400000
2020-04-08,23433.570313,22893.470703,23513.400391,22682.990234,472740000
2020-04-07,22653.859375,23537.439453,23617.240234,22634.449219,594660000
2020-04-06,22679.990234,21693.630859,22783.449219,21693.630859,610760000
2020-04-03,21052.529297,21285.929688,21447.810547,20863.089844,450010000
2020-04-02,21413.439453,20819.460938,21477.769531,20735.019531,529540000
2020-04-01,20943.509766,21227.380859,21487.240234,20784.429688,506680000
2020-03-31,21917.160156,22208.419922,22480.369141,21852.080078,571210000
2020-03-30,22327.480469,21678.220703,22378.089844,21522.080078,545540000
2020-03-27,21636.779297,21898.470703,22327.570313,21469.269531,588830000
2020-03-26,22552.169922,21468.380859,22595.060547,21427.099609,705180000
2020-03-25,21200.550781,21050.339844,22019.929688,20538.339844,796320000
2020-03-24,20704.910156,19722.189453,20737.699219,19649.25,799340000
2020-03-23,18591.929688,19028.359375,19121.009766,18213.650391,787970000
2020-03-20,19173.980469,20253.150391,20531.259766,19094.269531,872290000
2020-03-19,20087.189453,19830.009766,20442.630859,19177.130859,780300000
2020-03-18,19898.919922,20188.689453,20489.330078,18917.460938,871360000
2020-03-17,21237.380859,20487.050781,21379.349609,19882.259766,793060000
2020-03-16,20188.519531,20917.529297,21768.279297,20116.460938,770130000
2020-03-13,23185.619141,21973.820313,23189.759766,21285.369141,843080000
2020-03-12,21200.619141,22184.710938,22837.949219,21154.460938,908260000
2020-03-11,23553.220703,24604.630859,24604.630859,23328.320313,663960000
2020-03-10,25018.160156,24453.0,25020.990234,23690.339844,654860000
2020-03-09,23851.019531,24992.359375,24992.359375,23706.070313,750430000
2020-03-06,25864.779297,25457.210938,25994.380859,25226.619141,599780000
2020-03-05,26121.279297,26671.919922,26671.919922,25943.330078,477370000
2020-03-04,27090.859375,26383.679688,27102.339844,26286.310547,457590000
2020-03-03,25917.410156,26762.470703,27084.589844,25706.279297,647080000
2020-03-02,26703.320313,25590.509766,26706.169922,25391.960938,637200000
2020-02-28,25409.359375,25270.830078,25494.240234,24681.009766,915990000
2020-02-27,25766.640625,26526.0,26775.310547,25752.820313,664980000
2020-02-26,26957.589844,27159.460938,27542.779297,26890.970703,472450000
2020-02-25,27081.359375,28037.650391,28149.199219,26997.619141,513270000
2020-02-24,27960.800781,28402.929688,28402.929688,27912.439453,452580000
2020-02-21,28992.410156,29146.529297,29146.529297,28892.699219,311210000
2020-02-20,29219.980469,29296.25,29368.449219,28959.650391,287780000
2020-02-19,29348.029297,29312.699219,29409.089844,29274.380859,240640000
2020-02-18,29232.189453,29282.779297,29330.160156,29116.810547,256600000
2020-02-14,29398.080078,29440.470703,29463.039063,29283.179688,231000000
2020-02-13,29423.310547,29436.029297,29535.400391,29345.929688,291150000
2020-02-12,29551.419922,29406.75,29568.570313,29406.75,309530000
2020-02-11,29276.339844,29390.710938,29415.390625,29210.470703,279540000
2020-02-10,29276.820313,28995.660156,29278.070313,28995.660156,250510000
2020-02-07,29102.509766,29286.919922,29286.919922,29056.980469,252860000
2020-02-06,29379.769531,29388.580078,29408.050781,29246.929688,263700000
2020-02-05,29290.849609,29048.730469,29308.890625,29000.849609,357540000
2020-02-04,28807.630859,28696.740234,28904.880859,28696.740234,332750000
2020-02-03,28399.810547,28319.650391,28630.390625,28319.650391,307910000
2020-01-31,28256.029297,28813.039063,28813.039063,28169.529297,403890000
2020-01-30,28859.439453,28640.160156,28879.710938,28489.759766,326850000
2020-01-29,28734.449219,28820.529297,28944.240234,28728.189453,302290000
2020-01-28,28722.849609,28594.279297,28823.230469,28575.75,330140000
2020-01-27,28535.800781,28542.490234,28671.789063,28440.470703,337270000
2020-01-24,28989.730469,29230.390625,29288.789063,28843.310547,380010000
2020-01-23,29160.089844,29111.019531,29190.470703,28966.980469,307060000
2020-01-22,29186.269531,29263.630859,29320.199219,29172.259766,283440000
2020-01-21,29196.039063,29269.050781,29341.210938,29146.470703,320640000
2020-01-17,29348.099609,29313.310547,29373.619141,29289.910156,321820000
2020-01-16,29297.640625,29131.949219,29300.320313,29131.949219,252110000
2020-01-15,29030.220703,28901.800781,29127.589844,28897.349609,260270000
2020-01-14,28939.669922,28895.5,29054.160156,28872.269531,287440000
2020-01-13,28907.050781,28869.009766,28909.910156,28819.429688,249830000
2020-01-10,28823.769531,28977.519531,29009.070313,28789.099609,237830000
2020-01-09,28956.900391,28851.970703,28988.009766,28844.310547,275060000
2020-01-08,28745.089844,28556.140625,28866.179688,28522.509766,291750000
2020-01-07,28583.679688,28639.179688,28685.5,28565.279297,258900000
2020-01-06,28703.380859,28465.5,28708.019531,28418.630859,252760000
2020-01-03,28634.880859,28553.330078,28716.310547,28500.359375,239590000
2020-01-02,28868.800781,28638.970703,28872.800781,28627.769531,251820000
2019-12-31,28538.439453,28414.640625,28547.349609,28376.490234,193340000
2019-12-30,28462.140625,28654.759766,28664.689453,28428.980469,181600000
2019-12-27,28645.259766,28675.339844,28701.660156,28608.980469,182280000
2019-12-26,28621.390625,28539.460938,28624.099609,28535.150391,155970000
2019-12-24,28515.449219,28572.570313,28576.800781,28503.210938,86150000
2019-12-23,28551.529297,28491.779297,28582.490234,28491.779297,223530000
2019-12-20,28455.089844,28608.640625,28608.640625,28445.599609,603780000
2019-12-19,28376.960938,28278.310547,28381.480469,28278.240234,262570000
2019-12-18,28239.279297,28291.439453,28323.25,28239.279297,289890000
2019-12-17,28267.160156,28221.75,28328.630859,28220.560547,286770000
2019-12-16,28235.890625,28191.669922,28337.490234,28191.669922,286770000
2019-12-13,28135.380859,28123.640625,28290.730469,28028.320313,250660000
2019-12-12,28132.050781,27898.339844,28224.949219,27859.869141,277740000
2019-12-11,27911.300781,27867.310547,27925.5,27801.800781,213510000
2019-12-10,27881.720703,27900.650391,27949.019531,27804.0,213250000
2019-12-09,27909.599609,27987.050781,28010.419922,27906.140625,217000000
2019-12-06,28015.060547,27839.679688,28035.849609,27839.679688,223310000
2019-12-05,27677.789063,27736.050781,27745.199219,27562.800781,208600000
2019-12-04,27649.779297,27634.630859,27727.449219,27612.080078,218200000
2019-12-03,27502.810547,27501.980469,27524.740234,27325.130859,275350000
2019-12-02,27783.039063,28109.740234,28109.839844,27782.349609,236610000
2019-11-29,28051.410156,28103.160156,28119.509766,28042.529297,120630000
2019-11-27,28164.0,28156.470703,28174.970703,28075.230469,198210000
2019-11-26,28121.679688,28080.75,28146.019531,28042.210938,324050000
2019-11-25,28066.470703,27917.769531,28068.689453,27917.769531,248420000
2019-11-22,27875.619141,27831.230469,27898.460938,27773.980469,214780000
2019-11-21,27766.289063,27820.279297,27828.330078,27708.339844,232020000
2019-11-20,27821.089844,27879.550781,27897.279297,27675.279297,258140000
2019-11-19,27934.019531,28079.759766,28090.210938,27894.519531,245890000
2019-11-18,28036.220703,27993.220703,28040.970703,27969.240234,252320000
2019-11-15,28004.890625,27843.539063,28004.890625,27843.539063,283720000
2019-11-14,27781.960938,27757.199219,27800.710938,27676.970703,303970000
2019-11-13,27783.589844,27622.039063,27806.400391,27587.199219,278390000
2019-11-12,27691.490234,27701.589844,27770.859375,27635.320313,213670000
2019-11-11,27691.490234,27580.660156,27714.390625,27517.669922,202350000
2019-11-08,27681.240234,27686.199219,27694.949219,27578.970703,221440000
2019-11-07,27674.800781,27590.160156,27774.669922,27590.160156,259020000
2019-11-06,27492.560547,27502.740234,27526.050781,27407.810547,237910000
2019-11-05,27492.630859,27500.230469,27560.359375,27453.550781,286350000
2019-11-04,27462.109375,27402.060547,27517.580078,27402.060547,273030000
2019-11-01,27347.359375,27142.949219,27347.429688,27142.949219,270870000
2019-10-31,27046.230469,27188.369141,27188.369141,26918.289063,270910000
2019-10-30,27186.689453,27110.710938,27204.359375,26999.640625,231750000
2019-10-29,27071.460938,27061.070313,27165.939453,27039.759766,269610000
2019-10-28,27090.720703,27040.330078,27167.880859,27028.710938,290770000
2019-10-25,26958.060547,26789.609375,27015.369141,26765.679688,274610000
2019-10-24,26805.529297,26893.929688,26931.779297,26714.339844,253590000
2019-10-23,26833.949219,26835.240234,26896.890625,26745.0,247680000
2019-10-22,26788.099609,26850.429688,26946.640625,26782.609375,265510000
2019-10-21,26827.640625,26852.669922,26852.669922,26747.619141,232530000
2019-10-18,26770.199219,27004.490234,27018.25,26770.130859,288970000
2019-10-17,27025.880859,27032.380859,27112.160156,26970.289063,222540000
2019-10-16,27001.980469,26972.310547,27058.339844,26943.289063,214660000
2019-10-15,27024.800781,26811.199219,27120.109375,26811.199219,245510000
2019-10-14,26787.359375,26766.429688,26874.330078,26749.179688,178620000
2019-10-11,26816.589844,26694.199219,27013.970703,26694.199219,282080000
2019-10-10,26496.669922,26317.349609,26603.310547,26314.509766,217680000
2019-10-09,26346.009766,26308.230469,26424.310547,26249.75,190060000
2019-10-08,26164.039063,26276.589844,26421.810547,26139.800781,244590000
2019-10-07,26478.019531,26502.330078,26655.839844,26424.539063,195200000
2019-10-04,26573.720703,26271.699219,26590.740234,26271.699219,221310000
2019-10-03,26201.039063,26039.019531,26205.199219,25743.460938,241610000
2019-10-02,26078.619141,26425.859375,26438.039063,25974.119141,309640000
2019-10-01,26573.039063,26962.539063,27046.210938,26562.220703,260110000
2019-09-30,26916.830078,26852.330078,26998.859375,26852.330078,222680000
2019-09-27,26820.25,26987.259766,27012.539063,26715.820313,217780000
2019-09-26,26891.119141,27004.109375,27015.070313,26803.839844,229180000
2019-09-25,26970.710938,26866.710938,27016.560547,26755.859375,237220000
2019-09-24,26807.769531,27034.070313,27079.679688,26704.960938,301750000
2019-09-23,26949.990234,26851.449219,27011.070313,26831.339844,204240000
2019-09-20,26935.070313,27102.179688,27194.75,26926.679688,497640000
2019-09-19,27094.789063,27186.050781,27272.169922,27064.210938,212360000
2019-09-18,27147.080078,27075.390625,27161.929688,26899.150391,212860000
2019-09-17,27110.800781,27010.119141,27110.800781,26984.140625,223580000
2019-09-16,27076.820313,27146.060547,27172.869141,27032.560547,220620000
2019-09-13,27219.519531,27216.669922,27277.550781,27193.949219,255260000
2019-09-12,27182.449219,27197.320313,27306.730469,27105.009766,250010000
2019-09-11,27137.039063,26928.050781,27137.039063,26885.480469,272590000
2019-09-10,26909.429688,26805.830078,26909.429688,26717.050781,322340000
2019-09-09,26835.509766,26866.230469,26900.830078,26762.179688,273120000
2019-09-06,26797.460938,26790.25,26860.869141,26708.390625,209700000
2019-09-05,26728.150391,26603.150391,26836.300781,26603.150391,256670000
2019-09-04,26355.470703,26301.990234,26362.349609,26244.439453,202710000
2019-09-03,26118.019531,26198.259766,26198.259766,25978.220703,223210000
2019-08-30,26403.279297,26476.390625,26514.619141,26295.589844,2190810000
2019-08-29,26362.25,26249.089844,26408.839844,26185.710938,208650000
2019-08-28,26036.099609,25712.990234,26041.570313,25637.429688,207070000
2019-08-27,25777.900391,26014.460938,26054.019531,25721.849609,263530000
2019-08-26,25898.830078,25826.050781,25941.25,25716.390625,222780000
2019-08-23,25628.900391,26134.210938,26320.289063,25507.179688,364260000
2019-08-22,26252.240234,26271.640625,26388.779297,26099.009766,222810000
2019-08-21,26202.730469,26145.359375,26268.320313,26141.769531,208790000
2019-08-20,25962.439453,26086.859375,26160.119141,25952.0,238100000
2019-08-19,26135.789063,26020.060547,26222.320313,26020.060547,252640000
2019-08-16,25886.009766,25678.169922,25929.650391,25678.169922,276210000
2019-08-15,25579.390625,25514.25,25639.689453,25339.599609,332600000
2019-08-14,25479.419922,26035.080078,26035.080078,25471.589844,352250000
2019-08-13,26279.910156,25888.880859,26426.970703,25833.25,308900000
2019-08-12,25896.439453,26169.910156,26178.949219,25824.939453,199390000
2019-08-09,26287.439453,26337.089844,26413.359375,26097.640625,240260000
2019-08-08,26378.189453,26086.519531,26383.609375,26038.099609,282530000
2019-08-07,26007.070313,25814.220703,26073.210938,25440.390625,344790000
2019-08-06,26029.519531,25810.619141,26038.679688,25710.869141,318160000
2019-08-05,25717.740234,26259.230469,26259.230469,25523.380859,422240000
2019-08-02,26485.009766,26528.660156,26570.019531,26249.220703,327640000
2019-08-01,26583.419922,26879.859375,27175.589844,26548.710938,386320000
2019-07-31,26864.269531,27244.669922,27281.650391,26719.599609,385150000
2019-07-30,27198.019531,27145.390625,27224.359375,27069.859375,293250000
2019-07-29,27221.349609,27192.240234,27275.849609,27178.060547,250850000
2019-07-26,27192.449219,27166.0,27213.699219,27123.25,233650000
2019-07-25,27140.980469,27247.390625,27298.429688,27062.480469,241420000
2019-07-24,27269.970703,27262.240234,27291.039063,27191.119141,244320000
2019-07-23,27349.189453,27231.859375,27368.810547,27204.580078,248850000
2019-07-22,27171.900391,27174.179688,27227.769531,27088.900391,216310000
2019-07-19,27154.199219,27246.380859,27342.960938,27145.779297,287690000
2019-07-18,27222.970703,27191.980469,27266.810547,27068.789063,216070000
2019-07-17,27219.849609,27320.910156,27343.060547,27218.380859,193930000
2019-07-16,27335.630859,27349.320313,27398.679688,27290.240234,226000000
2019-07-15,27359.160156,27364.689453,27364.689453,27294.169922,199730000
2019-07-12,27332.029297,27139.490234,27333.789063,27135.449219,248390000
2019-07-11,27088.080078,26950.160156,27088.449219,26916.320313,252300000
2019-07-10,26860.199219,26851.960938,26983.449219,26813.109375,207990000
2019-07-09,26783.490234,26725.119141,26807.699219,26665.570313,218330000
2019-07-08,26806.140625,26835.640625,26839.140625,26744.869141,214290000
2019-07-05,26922.119141,26867.75,26950.810547,26733.330078,192170000
2019-07-03,26966.0,26832.320313,26966.0,26831.439453,149840000
2019-07-02,26786.679688,26719.529297,26787.560547,26632.650391,219270000
2019-07-01,26717.429688,26805.859375,26890.640625,26616.210938,267670000
2019-06-28,26599.960938,26605.929688,26638.349609,26522.269531,499350000
2019-06-27,26526.580078,26523.720703,26607.240234,26465.320313,246930000
2019-06-26,26536.820313,26599.419922,26660.039063,26536.330078,274340000
2019-06-25,26548.220703,26731.609375,26752.310547,26527.660156,282160000
2019-06-24,26727.539063,26727.609375,26806.519531,26723.369141,232390000
2019-06-21,26719.130859,26749.119141,26907.369141,26705.869141,485560000
2019-06-20,26753.169922,26665.380859,26798.630859,26539.689453,278170000
2019-06-19,26504.0,26490.160156,26569.75,26415.050781,240950000
2019-06-18,26465.539063,26228.880859,26527.189453,26227.759766,273490000
2019-06-17,26112.529297,26108.529297,26165.779297,26049.800781,199500000
2019-06-14,26089.609375,26076.359375,26162.279297,25988.089844,208020000
2019-06-13,26106.769531,26036.939453,26146.910156,25995.710938,213400000
2019-06-12,26004.830078,26040.300781,26082.099609,25958.660156,223690000
2019-06-11,26048.509766,26180.589844,26248.669922,25998.869141,253490000
2019-06-10,26062.679688,26090.220703,26210.609375,26054.310547,249280000
2019-06-07,25983.939453,25768.720703,26072.75,25768.720703,263010000
2019-06-06,25720.660156,25567.449219,25800.300781,25518.050781,248070000
2019-06-05,25539.570313,25451.0,25544.660156,25373.580078,262660000
2019-06-04,25332.179688,24962.820313,25343.769531,24962.820313,281690000
2019-06-03,24819.779297,24830.160156,24935.210938,24680.570313,328240000
2019-05-31,24815.039063,25046.310547,25046.310547,24809.509766,292230000
2019-05-30,25169.880859,25139.939453,25218.539063,25066.75,215240000
2019-05-29,25126.410156,25231.460938,25231.460938,24938.240234,298930000
2019-05-28,25347.769531,25616.550781,25717.630859,25342.279297,358980000
2019-05-24,25585.689453,25551.070313,25670.810547,25496.199219,201370000
2019-05-23,25490.470703,25657.990234,25657.990234,25328.089844,316940000
2019-05-22,25776.609375,25818.460938,25878.210938,25755.109375,241760000
2019-05-21,25877.330078,25782.339844,25898.269531,25779.609375,260870000
2019-05-20,25679.900391,25655.310547,25751.710938,25560.550781,279560000
2019-05-17,25764.0,25719.949219,25948.740234,25657.779297,283760000
2019-05-16,25862.679688,25692.140625,25957.630859,25692.140625,320960000
2019-05-15,25648.019531,25400.130859,25724.890625,25341.939453,270720000
2019-05-14,25532.050781,25384.029297,25688.960938,25384.029297,291570000
2019-05-13,25324.990234,25568.060547,25568.060547,25222.509766,361240000
2019-05-10,25942.369141,25763.720703,26019.320313,25469.859375,294580000
2019-05-09,25828.359375,25878.849609,25884.890625,25517.390625,334760000
2019-05-08,25967.330078,25933.789063,26118.099609,25889.410156,276420000
2019-05-07,25965.089844,26276.900391,26276.900391,25789.710938,334960000
2019-05-06,26438.480469,26160.619141,26476.269531,26033.949219,283020000
2019-05-03,26504.949219,26379.140625,26534.960938,26370.089844,248900000
2019-05-02,26307.789063,26407.150391,26454.689453,26180.359375,287610000
2019-05-01,26430.140625,26639.060547,26689.390625,26426.380859,303850000
2019-04-30,26592.910156,26594.560547,26614.039063,26419.470703,340320000
2019-04-29,26554.390625,26559.869141,26602.539063,26520.75,279450000
2019-04-26,26543.330078,26454.619141,26543.560547,26392.550781,317290000
2019-04-25,26462.080078,26426.369141,26536.480469,26310.279297,296730000
2019-04-24,26597.050781,26652.560547,26680.580078,26582.859375,283370000
2019-04-23,26656.390625,26513.830078,26695.960938,26503.560547,311690000
2019-04-22,26511.050781,26510.769531,26553.050781,26458.609375,232570000
2019-04-18,26559.539063,26463.369141,26602.419922,26444.529297,332850000
2019-04-17,26449.539063,26468.529297,26501.019531,26391.859375,367780000
2019-04-16,26452.660156,26482.189453,26530.710938,26397.189453,302340000
2019-04-15,26384.769531,26407.759766,26424.849609,26316.419922,250620000
2019-04-12,26412.300781,26357.789063,26436.679688,26309.720703,369910000
2019-04-11,26143.050781,26188.210938,26229.880859,26062.589844,211680000
2019-04-10,26157.160156,26173.710938,26209.490234,26101.240234,203130000
2019-04-09,26150.580078,26243.539063,26246.339844,26103.140625,244410000
2019-04-08,26341.019531,26312.669922,26344.650391,26246.029297,229380000
2019-04-05,26424.990234,26427.560547,26487.570313,26370.820313,229550000
2019-04-04,26384.630859,26213.419922,26398.900391,26212.779297,233040000
2019-04-03,26218.130859,26238.029297,26282.169922,26138.470703,271980000
2019-04-02,26179.130859,26213.550781,26221.240234,26122.310547,250940000
2019-04-01,26258.419922,26075.099609,26280.900391,26071.689453,295570000
2019-03-29,25928.679688,25827.310547,25949.320313,25771.669922,300620000
2019-03-28,25717.460938,25693.320313,25743.410156,25576.689453,237170000
2019-03-27,25625.589844,25676.339844,25758.169922,25425.269531,270340000
2019-03-26,25657.730469,25649.560547,25796.289063,25544.779297,305110000
2019-03-25,25516.830078,25490.720703,25603.269531,25372.259766,303120000
2019-03-22,25502.320313,25844.650391,25877.009766,25501.449219,386510000
2019-03-21,25962.509766,25688.439453,26009.900391,25657.779297,335250000
2019-03-20,25745.669922,25867.789063,25929.519531,25670.630859,321980000
2019-03-19,25887.380859,25987.869141,26109.679688,25814.919922,342250000
2019-03-18,25914.099609,25801.880859,25924.769531,25785.660156,399530000
2019-03-15,25848.869141,25720.960938,25927.910156,25649.699219,616910000
2019-03-14,25709.939453,25692.310547,25752.839844,25621.310547,302790000
2019-03-13,25702.890625,25637.230469,25776.490234,25571.310547,331410000
2019-03-12,25554.660156,25600.300781,25675.439453,25522.169922,317730000
2019-03-11,25650.880859,25208.0,25661.630859,25208.0,309790000
2019-03-08,25450.240234,25347.380859,25466.140625,25252.460938,270500000
2019-03-07,25473.230469,25645.449219,25645.449219,25352.550781,289140000
2019-03-06,25673.460938,25818.759766,25837.609375,25633.710938,256250000
2019-03-05,25806.630859,25829.070313,25877.150391,25725.630859,252260000
2019-03-04,25819.650391,26122.189453,26155.980469,25611.550781,295510000
2019-03-01,26026.320313,26019.669922,26143.919922,25914.369141,289890000
2019-02-28,25916.0,25984.279297,26029.210938,25896.560547,338520000
2019-02-27,25985.160156,25995.599609,26039.679688,25877.240234,255380000
2019-02-26,26057.980469,26051.609375,26155.289063,25966.009766,257850000
2019-02-25,26091.949219,26126.150391,26241.419922,26080.660156,281600000
2019-02-22,26031.810547,25906.269531,26052.900391,25906.269531,279760000
2019-02-21,25850.630859,25922.410156,25938.880859,25762.210938,255710000
2019-02-20,25954.439453,25872.259766,25986.199219,25846.480469,287880000
2019-02-19,25891.320313,25849.849609,25961.439453,25820.009766,280620000
2019-02-15,25883.25,25564.630859,25883.720703,25564.630859,328530000
2019-02-14,25439.390625,25460.650391,25558.900391,25308.089844,313010000
2019-02-13,25543.269531,25480.859375,25625.949219,25480.859375,263330000
2019-02-12,25425.759766,25152.029297,25458.980469,25152.029297,278110000
2019-02-11,25053.109375,25142.810547,25196.75,25009.099609,241700000
2019-02-08,25106.330078,25042.359375,25106.390625,24883.039063,248210000
2019-02-07,25169.529297,25265.810547,25314.259766,25000.519531,295460000
2019-02-06,25390.300781,25371.570313,25439.039063,25312.060547,247590000
2019-02-05,25411.519531,25287.929688,25427.320313,25287.650391,310650000
2019-02-04,25239.369141,25062.119141,25239.910156,24977.669922,298540000
2019-02-01,25063.890625,25025.310547,25193.150391,24982.490234,372090000
2019-01-31,24999.669922,24954.480469,25049.619141,24842.089844,507350000
2019-01-30,25014.859375,24826.519531,25109.619141,24790.900391,397330000
2019-01-29,24579.960938,24519.619141,24674.869141,24504.039063,330870000
2019-01-28,24528.220703,24596.980469,24596.980469,24323.939453,347170000
2019-01-25,24737.199219,24687.210938,24860.150391,24676.75,376890000
2019-01-24,24553.240234,24579.960938,24626.300781,24422.730469,320170000
2019-01-23,24575.619141,24577.25,24700.980469,24307.169922,318600000
2019-01-22,24404.480469,24607.759766,24607.759766,24244.310547,338480000
2019-01-18,24706.349609,24534.189453,24750.220703,24459.029297,372970000
2019-01-17,24370.099609,24147.089844,24474.460938,24088.900391,288590000
2019-01-16,24207.160156,24139.910156,24288.609375,24119.720703,302830000
2019-01-15,24065.589844,23914.109375,24099.140625,23887.929688,291570000
2019-01-14,23909.839844,23880.529297,23964.900391,23765.240234,277560000
2019-01-11,23995.949219,23940.009766,23996.320313,23798.160156,262650000
2019-01-10,24001.919922,23811.109375,24014.779297,23703.25,338150000
2019-01-09,23879.119141,23844.269531,24084.710938,23703.160156,324570000
2019-01-08,23787.449219,23680.320313,23864.650391,23581.449219,317420000
2019-01-07,23531.349609,23474.259766,23687.740234,23301.589844,334200000
2019-01-04,23433.160156,22894.919922,23518.640625,22894.919922,396020000
2019-01-03,22686.220703,23176.390625,23176.390625,22638.410156,424240000
2019-01-02,23346.240234,23058.609375,23413.470703,22928.589844,321570000
2018-12-31,23327.460938,23153.939453,23333.179688,23118.300781,288830000
2018-12-28,23062.400391,23213.609375,23381.880859,22981.330078,336510000
2018-12-27,23138.820313,22629.060547,23138.890625,22267.419922,407940000
2018-12-26,22878.449219,21857.730469,22878.919922,21712.529297,433080000
2018-12-24,21792.199219,22317.279297,22339.869141,21792.199219,308420000
2018-12-21,22445.369141,22871.740234,23254.589844,22396.339844,900510000
2018-12-20,22859.599609,23224.119141,23282.199219,22644.310547,576700000
2018-12-19,23323.660156,23693.330078,24057.339844,23162.640625,503550000
2018-12-18,23675.640625,23769.130859,23927.769531,23516.019531,408070000
2018-12-17,23592.980469,23986.830078,24088.080078,23456.880859,466740000
2018-12-14,24100.509766,24408.039063,24431.140625,24033.789063,416940000
2018-12-13,24597.380859,24575.859375,24740.960938,24473.289063,299970000
2018-12-12,24527.269531,24509.089844,24828.289063,24509.089844,344330000
2018-12-11,24370.240234,24719.910156,24791.259766,24221.060547,342960000
2018-12-10,24423.259766,24360.949219,24500.810547,23881.369141,389690000
2018-12-07,24388.949219,24918.820313,25095.619141,24284.779297,398230000
2018-12-06,24947.669922,24737.419922,24951.009766,24242.220703,471690000
2018-12-04,25027.070313,25752.560547,25773.119141,25008.109375,418900000
2018-12-03,25826.429688,25779.570313,25980.210938,25670.509766,388480000
2018-11-30,25538.460938,25307.140625,25549.710938,25250.970703,482250000
2018-11-29,25338.839844,25343.650391,25479.039063,25202.789063,305110000
2018-11-28,25366.429688,24832.839844,25368.929688,24832.839844,362160000
2018-11-27,24748.730469,24557.019531,24750.730469,24416.029297,308250000
2018-11-26,24640.240234,24364.130859,24673.289063,24364.130859,306280000
2018-11-23,24285.949219,24336.400391,24408.800781,24268.740234,155940000
2018-11-21,24464.689453,24541.650391,24669.789063,24463.279297,289370000
2018-11-20,24465.640625,24618.679688,24707.259766,24368.980469,445920000
2018-11-19,25017.439453,25392.609375,25392.609375,24900.980469,358090000
2018-11-16,25413.220703,25242.349609,25510.230469,25147.800781,354460000
2018-11-15,25289.269531,25061.480469,25354.560547,24787.789063,392750000
2018-11-14,25080.5,25388.080078,25501.289063,24935.820313,384240000
2018-11-13,25286.490234,25321.210938,25511.029297,25193.779297,339690000
2018-11-12,25387.179688,25959.330078,25966.710938,25340.509766,346910000
2018-11-09,25989.300781,26149.109375,26161.490234,25882.910156,324450000
2018-11-08,26191.220703,26139.589844,26277.820313,26081.900391,295650000
2018-11-07,26180.300781,25788.460938,26200.140625,25765.880859,361780000
2018-11-06,25635.009766,25452.830078,25651.859375,25444.900391,265450000
2018-11-05,25461.699219,25261.470703,25507.349609,25261.470703,334740000
2018-11-02,25270.830078,25443.599609,25578.980469,25078.720703,429480000
2018-11-01,25380.740234,25142.080078,25396.470703,25108.109375,383970000
2018-10-31,25115.759766,25008.820313,25336.550781,25008.820313,448930000
2018-10-30,24874.640625,24482.039063,24906.679688,24415.689453,470050000
2018-10-29,24442.919922,24818.980469,25040.580078,24122.230469,443850000
2018-10-26,24688.310547,24770.25,24916.160156,24445.189453,505310000
2018-10-25,24984.550781,24736.539063,25104.289063,24645.560547,439670000
2018-10-24,24583.419922,25172.880859,25306.230469,24533.189453,496400000
2018-10-23,25191.429688,25038.460938,25307.699219,24768.789063,436430000
2018-10-22,25317.410156,25492.140625,25561.339844,25236.050781,314940000
2018-10-19,25444.339844,25421.089844,25608.710938,25350.019531,350810000
2018-10-18,25379.449219,25645.560547,25691.460938,25236.009766,328020000
2018-10-17,25706.679688,25705.869141,25810.089844,25479.160156,298210000
2018-10-16,25798.419922,25351.529297,25817.679688,25351.529297,305800000
2018-10-15,25250.550781,25332.460938,25482.419922,25243.880859,287320000
2018-10-12,25339.990234,25407.630859,25467.550781,25000.830078,397510000
2018-10-11,25052.830078,25518.390625,25683.640625,24899.769531,522880000
2018-10-10,25598.740234,26441.730469,26487.869141,25567.099609,438200000
2018-10-09,26430.570313,26469.189453,26539.939453,26324.160156,282560000
2018-10-08,26486.779297,26399.449219,26529.349609,26223.089844,273020000
2018-10-05,26447.050781,26632.769531,26676.160156,26301.810547,267100000
2018-10-04,26627.480469,26784.080078,26793.820313,26471.609375,289600000
2018-10-03,26828.390625,26833.470703,26951.810547,26789.080078,280130000
2018-10-02,26773.939453,26648.910156,26824.779297,26627.660156,258290000
2018-10-01,26651.210938,26598.359375,26737.980469,26596.050781,238320000
2018-09-28,26458.310547,26407.660156,26515.759766,26383.570313,264030000
2018-09-27,26439.929688,26418.269531,26557.009766,26379.949219,226350000
2018-09-26,26385.279297,26536.859375,26606.089844,26349.339844,262620000
2018-09-25,26492.210938,26601.580078,26634.849609,26475.580078,234110000
2018-09-24,26562.050781,26705.25,26709.939453,26548.679688,254850000
2018-09-21,26743.5,26726.25,26769.160156,26680.369141,657620000
2018-09-20,26656.980469,26519.390625,26697.490234,26519.390625,260480000
2018-09-19,26405.759766,26287.839844,26464.410156,26280.759766,251330000
2018-09-18,26246.960938,26076.210938,26317.339844,26076.210938,243000000
2018-09-17,26062.119141,26151.660156,26184.470703,26030.349609,230230000
2018-09-14,26154.669922,26169.560547,26211.109375,26068.289063,228640000
2018-09-13,26145.990234,26083.939453,26191.640625,26067.080078,260800000
2018-09-12,25998.919922,25989.070313,26145.720703,25929.429688,282770000
2018-09-11,25971.060547,25841.140625,26019.919922,25754.320313,265960000
2018-09-10,25857.070313,25991.910156,26039.960938,25854.130859,252170000
2018-09-07,25916.539063,25951.019531,26002.990234,25818.390625,281350000
2018-09-06,25995.869141,25973.019531,26073.679688,25880.839844,262380000
2018-09-05,25974.990234,25919.839844,26011.220703,25871.039063,289210000
2018-09-04,25952.480469,25916.070313,25971.769531,25805.949219,254600000
2018-08-31,25964.820313,25964.849609,26028.830078,25879.769531,273440000
2018-08-30,25986.919922,26099.009766,26104.369141,25934.800781,240440000
2018-08-29,26124.570313,26082.529297,26167.939453,26035.300781,214960000
2018-08-28,26064.019531,26092.699219,26122.240234,26037.849609,211470000
2018-08-27,26049.640625,25882.710938,26067.570313,25882.710938,220510000
2018-08-24,25790.349609,25688.580078,25826.050781,25688.580078,200330000
2018-08-23,25656.980469,25714.859375,25762.560547,25608.019531,213270000
2018-08-22,25733.599609,25825.060547,25836.160156,25722.429688,200480000
2018-08-21,25822.289063,25786.990234,25888.820313,25784.900391,241620000
2018-08-20,25758.689453,25727.699219,25790.169922,25716.410156,248570000
2018-08-17,25669.320313,25550.800781,25728.160156,25521.660156,284160000
2018-08-16,25558.730469,25294.970703,25607.339844,25294.970703,342430000
2018-08-15,25162.410156,25235.369141,25235.369141,24965.769531,295810000
2018-08-14,25299.919922,25215.689453,25339.509766,25201.869141,219210000
2018-08-13,25187.699219,25327.189453,25381.390625,25153.929688,219990000
2018-08-10,25313.140625,25401.189453,25401.189453,25222.880859,234480000
2018-08-09,25509.230469,25589.789063,25613.310547,25492.689453,214970000
2018-08-08,25583.75,25615.720703,25634.109375,25557.480469,217770000
2018-08-07,25628.910156,25551.650391,25692.720703,25551.650391,239910000
2018-08-06,25502.179688,25437.429688,25540.019531,25381.380859,238990000
2018-08-03,25462.580078,25360.369141,25467.900391,25325.169922,239020000
2018-08-02,25326.160156,25256.449219,25360.480469,25120.070313,307700000
2018-08-01,25333.820313,25461.630859,25488.800781,25278.320313,315880000
2018-07-31,25415.189453,25345.210938,25490.980469,25345.210938,348700000
2018-07-30,25306.830078,25439.320313,25500.160156,25287.380859,296880000
2018-07-27,25451.060547,25520.519531,25580.220703,25370.070313,329680000
2018-07-26,25527.070313,25468.550781,25587.240234,25463.160156,297530000
2018-07-25,25414.099609,25183.699219,25432.869141,25113.550781,273670000
2018-07-24,25241.939453,25092.429688,25286.619141,25092.429688,274940000
2018-07-23,25044.289063,25036.900391,25081.449219,24983.330078,228820000
2018-07-20,25058.119141,25041.140625,25124.099609,24986.349609,274080000
2018-07-19,25064.5,25139.150391,25154.169922,25052.619141,285760000
2018-07-18,25199.289063,25133.789063,25215.320313,25101.119141,252870000
2018-07-17,25119.890625,25033.919922,25155.390625,24989.609375,250450000
2018-07-16,25064.359375,25025.580078,25072.410156,24979.640625,231270000
2018-07-13,25019.410156,24926.070313,25043.210938,24890.060547,255520000
2018-07-12,24924.890625,24802.900391,24939.970703,24802.900391,233150000
2018-07-11,24700.449219,24789.480469,24815.160156,24663.820313,237370000
2018-07-10,24919.660156,24806.970703,24945.380859,24806.970703,235040000
2018-07-09,24776.589844,24519.199219,24796.519531,24518.429688,240580000
2018-07-06,24456.480469,24352.470703,24520.289063,24281.470703,219450000
2018-07-05,24356.740234,24285.820313,24372.800781,24177.439453,237670000
2018-07-03,24174.820313,24359.390625,24444.880859,24150.849609,160960000
2018-07-02,24307.179688,24161.529297,24319.419922,24077.560547,244110000
2018-06-29,24271.410156,24323.929688,24509.519531,24269.710938,329070000
2018-06-28,24216.050781,24064.189453,24308.160156,23997.210938,305020000
2018-06-27,24117.589844,24303.109375,24569.019531,24115.820313,313790000
2018-06-26,24283.109375,24281.890625,24384.210938,24241.220703,301130000
2018-06-25,24252.800781,24463.730469,24463.730469,24084.390625,439130000
2018-06-22,24580.890625,24526.970703,24663.179688,24526.970703,473970000
2018-06-21,24461.699219,24639.210938,24639.210938,24406.630859,349570000
2018-06-20,24657.800781,24771.169922,24804.759766,24628.390625,359520000
2018-06-19,24700.210938,24763.589844,24763.589844,24567.75,376380000
2018-06-18,24987.470703,24944.279297,25003.099609,24825.769531,337070000
2018-06-15,25090.480469,25116.710938,25130.820313,24894.380859,659370000
2018-06-14,25175.310547,25254.650391,25332.5,25138.599609,341170000
2018-06-13,25201.199219,25328.650391,25362.070313,25191.419922,329700000
2018-06-12,25320.730469,25346.820313,25364.369141,25247.039063,265750000
2018-06-11,25322.310547,25336.669922,25402.830078,25290.199219,276740000
2018-06-08,25316.529297,25209.289063,25325.630859,25165.699219,317510000
2018-06-07,25241.410156,25192.140625,25326.089844,25164.480469,357680000
2018-06-06,25146.390625,24854.140625,25146.460938,24854.140625,316090000
2018-06-05,24799.980469,24820.119141,24838.779297,24710.820313,306340000
2018-06-04,24813.689453,24727.550781,24859.369141,24722.140625,340400000
2018-06-01,24635.210938,24542.089844,24673.599609,24542.089844,315710000
2018-05-31,24415.839844,24620.789063,24620.789063,24352.150391,429740000
2018-05-30,24667.779297,24467.830078,24714.480469,24459.089844,324870000
2018-05-29,24361.449219,24606.589844,24635.179688,24247.839844,395810000
2018-05-25,24753.089844,24781.289063,24824.220703,24687.810547,257210000
2018-05-24,24811.759766,24877.359375,24877.359375,24605.900391,347050000
2018-05-23,24886.810547,24757.710938,24889.460938,24667.119141,399610000
2018-05-22,24834.410156,25047.550781,25064.990234,24812.060547,288200000
2018-05-21,25013.289063,24883.060547,25086.490234,24883.060547,308920000
2018-05-18,24715.089844,24707.720703,24774.970703,24664.869141,269700000
2018-05-17,24713.980469,24752.400391,24839.490234,24639.400391,314650000
2018-05-16,24768.929688,24722.320313,24801.189453,24672.789063,280810000
2018-05-15,24706.410156,24809.550781,24809.550781,24629.390625,301900000
2018-05-14,24899.410156,24879.369141,24994.189453,24862.519531,282860000
2018-05-11,24831.169922,24758.640625,24868.650391,24717.5,274150000
2018-05-10,24739.529297,24591.660156,24794.990234,24575.910156,304210000
2018-05-09,24542.539063,24399.179688,24586.480469,24323.869141,361580000
2018-05-08,24360.210938,24341.349609,24412.339844,24198.339844,344940000
2018-05-07,24357.320313,24317.660156,24479.449219,24263.419922,307670000
2018-05-04,24262.509766,23865.220703,24333.349609,23778.869141,329480000
2018-05-03,23930.150391,23836.230469,23996.150391,23531.310547,389240000
2018-05-02,23924.980469,24097.630859,24185.519531,23886.300781,385350000
2018-05-01,24099.050781,24117.289063,24117.289063,23808.189453,380070000
2018-04-30,24163.150391,24410.410156,24498.230469,24163.080078,416650000
2018-04-27,24311.189453,24342.140625,24359.380859,24194.449219,392810000
2018-04-26,24322.339844,24128.720703,24402.460938,24128.720703,390360000
2018-04-25,24083.830078,24070.199219,24146.339844,23823.080078,437100000
2018-04-24,24024.130859,24579.939453,24579.939453,23828.730469,468180000
2018-04-23,24448.689453,24488.070313,24536.890625,24328.539063,351030000
2018-04-20,24462.939453,24657.390625,24678.070313,24375.039063,537770000
2018-04-19,24664.890625,24711.300781,24762.480469,24557.029297,381110000
2018-04-18,24748.070313,24820.849609,24832.539063,24721.089844,302030000
2018-04-17,24786.630859,24681.789063,24858.970703,24681.789063,342410000
2018-04-16,24573.039063,24483.150391,24675.359375,24480.199219,305070000
2018-04-13,24360.140625,24582.820313,24646.449219,24243.740234,331890000
2018-04-12,24483.050781,24302.820313,24592.119141,24302.820313,336130000
2018-04-11,24189.449219,24274.189453,24366.570313,24150.869141,286360000
2018-04-10,24408.0,24198.949219,24511.349609,24198.949219,368590000
2018-04-09,23979.099609,24037.519531,24373.179688,23954.830078,380790000
2018-04-06,23932.759766,24373.599609,24434.400391,23738.199219,395990000
2018-04-05,24505.220703,24313.910156,24622.259766,24313.910156,347790000
2018-04-04,24264.300781,23654.150391,24308.960938,23523.160156,388540000
2018-04-03,24033.359375,23698.330078,24044.349609,23664.330078,394130000
2018-04-02,23644.189453,24076.599609,24123.800781,23344.519531,509820000
2018-03-29,24103.109375,23949.179688,24314.300781,23928.130859,463550000
2018-03-28,23848.419922,23883.080078,24092.470703,23728.669922,530040000
2018-03-27,23857.710938,24276.619141,24446.220703,23708.730469,524480000
2018-03-26,24202.599609,23825.740234,24232.300781,23741.220703,479540000
2018-03-23,23533.199219,23995.179688,24108.470703,23509.060547,482550000
2018-03-22,23957.890625,24526.009766,24526.009766,23938.740234,439280000
2018-03-21,24682.310547,24723.490234,24977.650391,24655.400391,343230000
2018-03-20,24727.269531,24650.640625,24803.609375,24650.640625,342510000
2018-03-19,24610.910156,24893.689453,24893.689453,24453.140625,377990000
2018-03-16,24946.509766,24877.339844,25031.0,24857.089844,654240000
2018-03-15,24873.660156,24837.289063,25053.869141,24753.289063,316310000
2018-03-14,24758.119141,25086.970703,25130.119141,24668.830078,356830000
2018-03-13,25007.029297,25257.75,25376.400391,24947.5,447880000
2018-03-12,25178.609375,25372.439453,25449.150391,25152.019531,362580000
2018-03-09,25335.740234,25004.890625,25336.330078,25004.890625,371570000
2018-03-08,24895.210938,24853.410156,24950.490234,24703.050781,327300000
2018-03-07,24801.359375,24758.150391,24849.679688,24535.119141,394070000
2018-03-06,24884.119141,24965.890625,24995.240234,24708.410156,331770000
2018-03-05,24874.759766,24471.310547,24961.0,24387.150391,383910000
2018-03-02,24538.060547,24394.910156,24592.460938,24217.759766,437130000
2018-03-01,24608.980469,25024.039063,25185.349609,24442.560547,506280000
2018-02-28,25029.199219,25485.150391,25576.150391,25022.419922,451870000
2018-02-27,25410.029297,25735.779297,25800.349609,25407.830078,438390000
2018-02-26,25709.269531,25403.349609,25732.800781,25398.560547,473360000
2018-02-23,25309.990234,25050.509766,25313.910156,25028.730469,335420000
2018-02-22,24962.480469,24855.410156,25156.720703,24854.830078,378900000
2018-02-21,24797.779297,24988.060547,25267.990234,24792.990234,456070000
2018-02-20,24964.75,25124.910156,25179.009766,24884.189453,421510000
2018-02-16,25219.380859,25165.939453,25432.419922,25149.259766,406730000
2018-02-15,25200.369141,25047.820313,25203.949219,24809.419922,416780000
2018-02-14,24893.490234,24535.820313,24925.949219,24490.359375,431160000
2018-02-13,24640.449219,24540.330078,24705.720703,24421.029297,374410000
2018-02-12,24601.269531,24337.759766,24765.160156,24290.480469,496610000
2018-02-09,24190.900391,23992.669922,24382.140625,23360.289063,735030000
2018-02-08,23860.460938,24902.300781,24903.679688,23849.230469,657500000
2018-02-07,24893.349609,24892.869141,25293.960938,24785.439453,504620000
2018-02-06,24912.769531,24085.169922,24946.230469,23778.740234,823940000
2018-02-05,24345.75,25337.869141,25520.529297,23923.880859,714450000
2018-02-02,25520.960938,26061.789063,26061.789063,25490.660156,522880000
2018-02-01,26186.710938,26083.039063,26306.699219,26014.439453,410620000
2018-01-31,26149.390625,26268.169922,26338.029297,26050.980469,479130000
2018-01-30,26076.890625,26198.449219,26256.990234,26028.419922,448330000
2018-01-29,26439.480469,26584.279297,26608.900391,26435.339844,421000000
2018-01-26,26616.710938,26466.740234,26616.710938,26425.349609,477780000
2018-01-25,26392.789063,26313.060547,26458.25,26259.720703,401390000
2018-01-24,26252.119141,26282.070313,26392.800781,26106.939453,518790000
2018-01-23,26210.810547,26214.869141,26246.189453,26143.900391,433490000
2018-01-22,26214.599609,26025.320313,26215.230469,25974.650391,431200000
2018-01-19,26071.720703,25987.349609,26071.720703,25942.830078,585000000
2018-01-18,26017.810547,26149.550781,26153.419922,25947.320313,492780000
2018-01-17,26115.650391,25910.779297,26130.449219,25865.019531,522720000
2018-01-16,25792.859375,25987.619141,26086.119141,25702.990234,606520000
2018-01-12,25803.189453,25638.390625,25810.429688,25633.080078,376390000
2018-01-11,25574.730469,25398.599609,25575.419922,25396.189453,346830000
2018-01-10,25369.130859,25348.130859,25404.919922,25256.990234,341470000
2018-01-09,25385.800781,25312.050781,25439.779297,25308.410156,333490000
2018-01-08,25283.0,25308.400391,25311.990234,25235.410156,341390000
2018-01-05,25295.869141,25114.919922,25299.789063,25112.009766,358020000
2018-01-04,25075.130859,24964.859375,25105.960938,24963.269531,403280000
2018-01-03,24922.679688,24850.449219,24941.919922,24825.550781,456790000
2018-01-02,24824.009766,24809.349609,24864.189453,24741.699219,341130000
2017-12-29,24719.220703,24849.630859,24871.660156,24719.220703,270760000
2017-12-28,24837.509766,24807.210938,24839.230469,24797.130859,200960000
2017-12-27,24774.300781,24766.519531,24789.519531,24731.679688,225890000
2017-12-26,24746.210938,24715.839844,24778.130859,24708.419922,208290000
2017-12-22,24754.060547,24764.039063,24784.150391,24717.509766,255140000
2017-12-21,24782.289063,24778.259766,24850.910156,24766.269531,339530000
2017-12-20,24726.650391,24838.089844,24852.439453,24697.109375,341790000
2017-12-19,24754.75,24834.380859,24850.109375,24715.599609,335330000
2017-12-18,24792.199219,24739.560547,24876.070313,24739.560547,354880000
2017-12-15,24651.740234,24585.710938,24688.619141,24584.439453,635740000
2017-12-14,24508.660156,24631.009766,24672.480469,24508.660156,314780000
2017-12-13,24585.429688,24525.189453,24666.019531,24518.300781,325280000
2017-12-12,24504.800781,24452.960938,24552.970703,24443.830078,342220000
2017-12-11,24386.029297,24338.109375,24389.720703,24314.740234,300580000
2017-12-08,24329.160156,24263.259766,24330.119141,24225.5,293590000
2017-12-07,24211.480469,24116.599609,24262.880859,24101.240234,319060000
2017-12-06,24140.910156,24171.900391,24229.349609,24134.490234,312720000
2017-12-05,24180.640625,24335.009766,24349.740234,24155.279297,371190000
2017-12-04,24290.050781,24424.109375,24534.039063,24288.189453,424250000
2017-12-01,24231.589844,24305.400391,24322.060547,23921.900391,417910000
2017-11-30,24272.349609,24013.800781,24327.820313,24013.800781,488200000
2017-11-29,23940.679688,23883.259766,23959.759766,23872.589844,401410000
2017-11-28,23836.710938,23625.189453,23849.609375,23617.109375,319240000
2017-11-27,23580.779297,23552.859375,23638.919922,23545.019531,296320000
2017-11-24,23557.990234,23552.75,23599.179688,23551.589844,118610000
2017-11-22,23526.179688,23597.240234,23605.769531,23507.609375,268760000
2017-11-21,23590.830078,23500.150391,23617.800781,23500.150391,329650000
2017-11-20,23430.330078,23370.710938,23456.880859,23360.580078,315330000
2017-11-17,23358.240234,23433.769531,23433.769531,23356.009766,386000000
2017-11-16,23458.359375,23365.339844,23492.189453,23365.339844,402020000
2017-11-15,23271.279297,23334.589844,23344.990234,23242.75,404300000
2017-11-14,23409.470703,23388.400391,23414.080078,23271.570313,561330000
2017-11-13,23439.699219,23367.470703,23461.679688,23343.339844,491260000
2017-11-10,23422.210938,23432.710938,23452.199219,23392.960938,351280000
2017-11-09,23461.939453,23492.089844,23516.740234,23310.019531,305440000
2017-11-08,23563.359375,23542.599609,23575.0,23510.560547,264670000
2017-11-07,23557.230469,23574.029297,23602.119141,23484.189453,285080000
2017-11-06,23548.419922,23533.960938,23574.859375,23520.75,325190000
2017-11-03,23539.189453,23549.589844,23557.060547,23481.570313,312250000
2017-11-02,23516.259766,23463.240234,23531.380859,23350.980469,348040000
2017-11-01,23435.009766,23442.900391,23517.710938,23388.910156,361260000
2017-10-31,23377.240234,23369.220703,23406.349609,23334.390625,388050000
2017-10-30,23348.740234,23405.75,23428.75,23327.869141,436900000
2017-10-27,23434.189453,23419.160156,23449.400391,23353.160156,518870000
2017-10-26,23400.859375,23380.890625,23459.839844,23380.890625,370600000
2017-10-25,23329.460938,23431.089844,23451.509766,23251.109375,399560000
2017-10-24,23441.759766,23346.779297,23485.25,23343.230469,406850000
2017-10-23,23273.960938,23348.949219,23368.369141,23273.960938,456830000
2017-10-20,23328.630859,23205.179688,23328.839844,23201.779297,474380000
2017-10-19,23163.039063,23107.470703,23167.240234,23052.669922,350400000
2017-10-18,23157.599609,23087.130859,23172.929688,23086.75,271870000
2017-10-17,22997.439453,22952.410156,23002.199219,22948.230469,273090000
2017-10-16,22956.960938,22892.919922,22960.119141,22887.119141,247180000
2017-10-13,22871.720703,22876.429688,22905.330078,22855.929688,259560000
2017-10-12,22841.009766,22854.849609,22884.820313,22821.130859,291790000
2017-10-11,22872.890625,22827.650391,22872.890625,22821.660156,316000000
2017-10-10,22830.679688,22784.759766,22850.509766,22770.990234,319270000
2017-10-09,22761.070313,22779.730469,22803.369141,22739.380859,310770000
2017-10-06,22773.669922,22762.029297,22773.669922,22730.849609,221450000
2017-10-05,22775.390625,22669.080078,22777.039063,22655.140625,246400000
2017-10-04,22661.640625,22645.669922,22685.939453,22632.800781,235730000
2017-10-03,22641.669922,22564.449219,22646.320313,22562.900391,238830000
2017-10-02,22557.599609,22423.470703,22559.380859,22416.0,268530000
2017-09-29,22405.089844,22358.470703,22405.630859,22332.960938,274790000
2017-09-28,22381.199219,22306.830078,22394.740234,22288.970703,263010000
2017-09-27,22340.710938,22330.929688,22371.099609,22254.929688,342900000
2017-09-26,22284.320313,22322.029297,22369.349609,22279.519531,285990000
2017-09-25,22296.089844,22320.470703,22359.880859,22219.109375,332430000
2017-09-22,22349.589844,22334.070313,22364.310547,22299.580078,297140000
2017-09-21,22359.230469,22414.019531,22419.509766,22356.550781,287390000
2017-09-20,22412.589844,22351.380859,22413.259766,22314.679688,334560000
2017-09-19,22370.800781,22349.699219,22386.009766,22340.710938,295570000
2017-09-18,22331.349609,22297.919922,22355.619141,22283.349609,302740000
2017-09-15,22268.339844,22252.439453,22275.019531,22214.519531,527540000
2017-09-14,22203.480469,22144.960938,22216.439453,22135.259766,297780000
2017-09-13,22158.179688,22103.470703,22158.179688,22095.789063,291890000
2017-09-12,22118.859375,22090.560547,22134.570313,22087.089844,364580000
2017-09-11,22057.369141,21927.789063,22067.099609,21927.789063,312770000
2017-09-08,21797.789063,21764.429688,21846.630859,21731.119141,289400000
2017-09-07,21784.779297,21820.380859,21850.009766,21745.710938,333810000
2017-09-06,21807.640625,21815.759766,21849.240234,21794.070313,318760000
2017-09-05,21753.310547,21912.369141,21921.089844,21709.630859,332840000
2017-09-01,21987.560547,21981.769531,22038.970703,21974.910156,256240000
2017-08-31,21948.099609,21936.009766,21985.759766,21910.5,376790000
2017-08-30,21892.429688,21859.759766,21914.259766,21839.470703,242840000
2017-08-29,21865.369141,21718.0,21879.220703,21673.580078,227340000
2017-08-28,21808.400391,21832.5,21861.490234,21767.939453,218740000
2017-08-25,21813.669922,21819.080078,21906.859375,21812.810547,217570000
2017-08-24,21783.400391,21839.900391,21870.109375,21765.820313,228480000
2017-08-23,21812.089844,21850.269531,21866.660156,21808.390625,234810000
2017-08-22,21899.890625,21739.779297,21912.830078,21738.130859,244980000
2017-08-21,21703.75,21671.359375,21718.740234,21600.339844,277880000
2017-08-18,21674.509766,21724.880859,21793.349609,21641.630859,309070000
2017-08-17,21750.730469,21984.740234,21984.740234,21750.320313,311030000
2017-08-16,22024.869141,22031.929688,22085.710938,22002.470703,264920000
2017-08-15,21998.990234,22029.910156,22038.919922,21971.480469,269070000
2017-08-14,21993.710938,21945.640625,22019.230469,21945.640625,235030000
2017-08-11,21858.320313,21883.320313,21911.089844,21842.740234,237790000
2017-08-10,21844.009766,21988.199219,21988.199219,21843.939453,303310000
2017-08-09,22048.699219,22022.339844,22057.189453,21996.689453,277800000
2017-08-08,22085.339844,22095.140625,22179.109375,22057.289063,262000000
2017-08-07,22118.419922,22100.199219,22121.150391,22081.970703,213010000
2017-08-04,22092.810547,22058.390625,22092.810547,22024.640625,253640000
2017-08-03,22026.099609,22007.580078,22044.849609,21991.320313,278730000
2017-08-02,22016.240234,22004.359375,22036.099609,21967.460938,336820000
2017-08-01,21963.919922,21961.419922,21990.960938,21940.810547,328410000
2017-07-31,21891.119141,21863.390625,21929.800781,21861.710938,307610000
2017-07-28,21830.310547,21787.509766,21841.179688,21756.119141,285630000
2017-07-27,21796.550781,21717.419922,21798.470703,21687.849609,407320000
2017-07-26,21711.009766,21690.380859,21742.699219,21683.289063,278240000
2017-07-25,21613.429688,21638.560547,21670.619141,21577.369141,304300000
2017-07-24,21513.169922,21577.779297,21577.779297,21496.130859,284080000
2017-07-21,21580.070313,21591.720703,21592.609375,21503.779297,362830000
2017-07-20,21611.779297,21641.539063,21661.910156,21576.960938,313950000
2017-07-19,21640.75,21569.25,21640.75,21565.839844,253040000
2017-07-18,21574.730469,21589.939453,21589.939453,21471.140625,251110000
2017-07-17,21629.720703,21633.970703,21661.810547,21617.660156,244780000
2017-07-14,21637.740234,21532.769531,21681.529297,21521.720703,235590000
2017-07-13,21553.089844,21537.189453,21568.720703,21512.359375,232270000
2017-07-12,21532.140625,21467.929688,21580.789063,21467.929688,267870000
2017-07-11,21409.070313,21410.169922,21441.619141,21279.300781,247570000
2017-07-10,21408.519531,21381.230469,21446.390625,21371.109375,270340000
2017-07-07,21414.339844,21354.660156,21425.820313,21350.720703,242240000
2017-07-06,21320.039063,21423.929688,21433.099609,21305.380859,320450000
2017-07-05,21478.169922,21492.830078,21505.359375,21404.759766,273690000
2017-07-03,21479.269531,21392.300781,21562.75,21391.710938,186810000
2017-06-30,21349.630859,21348.599609,21426.119141,21325.080078,313260000
2017-06-29,21287.029297,21487.380859,21487.380859,21197.080078,336750000
2017-06-28,21454.609375,21372.359375,21478.75,21372.359375,271510000
2017-06-27,21310.660156,21411.189453,21440.599609,21310.660156,292170000
2017-06-26,21409.550781,21434.679688,21506.210938,21381.25,241880000
2017-06-23,21394.759766,21380.919922,21421.789063,21333.890625,368400000
2017-06-22,21397.289063,21407.980469,21456.470703,21394.810547,270680000
2017-06-21,21410.029297,21466.390625,21492.619141,21390.0,292500000
2017-06-20,21467.140625,21521.25,21535.029297,21464.240234,310200000
2017-06-19,21528.990234,21444.75,21528.990234,21436.080078,289400000
2017-06-16,21384.279297,21335.929688,21384.419922,21308.009766,603260000
2017-06-15,21359.900391,21291.689453,21367.279297,21261.869141,317200000
2017-06-14,21374.560547,21342.710938,21391.970703,21294.089844,295090000
2017-06-13,21328.470703,21256.830078,21332.769531,21256.830078,323510000
2017-06-12,21235.669922,21259.949219,21277.080078,21186.150391,528080000
2017-06-09,21271.970703,21208.960938,21305.349609,21159.449219,397200000
2017-06-08,21182.529297,21169.759766,21265.689453,21138.160156,330330000
2017-06-07,21173.689453,21171.570313,21189.839844,21113.310547,273400000
2017-06-06,21136.230469,21145.480469,21180.470703,21118.460938,283550000
2017-06-05,21184.039063,21195.029297,21224.410156,21168.689453,269790000
2017-06-02,21206.289063,21142.089844,21225.039063,21129.560547,329700000
2017-06-01,21144.179688,21030.550781,21144.179688,20994.220703,276730000
2017-05-31,21008.650391,21048.460938,21051.699219,20942.570313,371580000
2017-05-30,21029.470703,21045.490234,21063.619141,21009.599609,242810000
2017-05-26,21080.279297,21070.150391,21092.820313,21050.490234,208000000
2017-05-25,21082.949219,21062.960938,21112.320313,21051.410156,268970000
2017-05-24,21012.419922,20949.210938,21022.820313,20933.580078,283180000
2017-05-23,20937.910156,20908.669922,20961.140625,20896.220703,244950000
2017-05-22,20894.830078,20867.769531,20914.259766,20860.160156,276120000
2017-05-19,20804.839844,20698.279297,20857.130859,20687.939453,365180000
2017-05-18,20663.019531,20579.650391,20759.199219,20553.449219,422590000
2017-05-17,20606.929688,20846.169922,20846.169922,20601.080078,423200000
2017-05-16,20979.75,20984.480469,21033.529297,20932.880859,311580000
2017-05-15,20981.939453,20923.630859,21000.830078,20923.630859,313170000
2017-05-12,20896.609375,20893.189453,20916.099609,20869.740234,288500000
2017-05-11,20919.419922,20925.720703,20933.359375,20798.900391,287680000
2017-05-10,20943.109375,20958.490234,20976.279297,20884.150391,283340000
2017-05-09,20975.779297,21022.279297,21046.849609,20938.039063,273000000
2017-05-08,21012.279297,20991.259766,21017.890625,20971.050781,276150000
2017-05-05,21006.939453,20929.039063,21006.939453,20905.0,260960000
2017-05-04,20951.470703,20987.830078,20990.789063,20847.949219,274720000
2017-05-03,20957.900391,20915.0,20972.740234,20874.179688,310920000
2017-05-02,20949.890625,20941.189453,20960.919922,20904.060547,338810000
2017-05-01,20913.460938,20962.730469,20976.619141,20898.380859,288160000
2017-04-28,20940.509766,20987.390625,20987.759766,20926.75,329990000
2017-04-27,20981.330078,20991.119141,21005.800781,20935.800781,305690000
2017-04-26,20975.089844,21009.949219,21070.900391,20972.269531,328550000
2017-04-25,20996.119141,20915.509766,21026.970703,20909.380859,348180000
2017-04-24,20763.890625,20723.589844,20792.199219,20723.589844,342400000
2017-04-21,20547.759766,20578.099609,20601.400391,20505.330078,369600000
2017-04-20,20578.710938,20406.679688,20629.779297,20406.679688,312440000
2017-04-19,20404.490234,20503.519531,20546.689453,20379.550781,294790000
2017-04-18,20523.279297,20561.390625,20600.119141,20462.279297,263180000
2017-04-17,20636.919922,20484.75,20644.410156,20484.75,229240000
2017-04-13,20453.25,20561.689453,20612.269531,20453.25,235810000
2017-04-12,20591.859375,20637.949219,20642.539063,20553.029297,267670000
2017-04-11,20651.300781,20644.320313,20660.029297,20512.560547,255120000
2017-04-10,20658.019531,20668.220703,20750.330078,20614.859375,230480000
2017-04-07,20656.099609,20647.810547,20726.070313,20606.949219,219730000
2017-04-06,20662.949219,20653.769531,20746.460938,20612.169922,251720000
2017-04-05,20648.150391,20745.060547,20887.5,20639.550781,284980000
2017-04-04,20689.240234,20634.939453,20701.289063,20605.300781,237390000
2017-04-03,20650.210938,20665.169922,20692.339844,20517.820313,285670000
2017-03-31,20663.220703,20700.339844,20722.589844,20660.679688,303770000
2017-03-30,20728.490234,20662.789063,20753.779297,20643.599609,270900000
2017-03-29,20659.320313,20675.75,20684.730469,20625.029297,238320000
2017-03-28,20701.5,20542.140625,20735.609375,20520.099609,299670000
2017-03-27,20550.980469,20488.349609,20578.460938,20412.800781,269380000
2017-03-24,20596.720703,20674.449219,20718.330078,20529.669922,292980000
2017-03-23,20656.580078,20645.070313,20757.890625,20618.619141,280050000
2017-03-22,20661.300781,20640.419922,20686.210938,20578.949219,325090000
2017-03-21,20668.009766,20956.330078,20970.039063,20653.259766,369320000
2017-03-20,20905.859375,20916.269531,20955.449219,20885.699219,253610000
2017-03-17,20914.619141,20965.369141,20980.509766,20911.070313,535280000
2017-03-16,20934.550781,20969.269531,21000.109375,20893.5,264360000
2017-03-15,20950.099609,20874.779297,20977.470703,20859.599609,306590000
2017-03-14,20837.369141,20848.599609,20874.0,20786.310547,246820000
2017-03-13,20881.480469,20899.279297,20926.060547,20845.710938,289260000
2017-03-10,20902.980469,20919.009766,20940.289063,20827.660156,315430000
2017-03-09,20858.189453,20864.320313,20900.570313,20777.160156,275960000
2017-03-08,20855.730469,20940.439453,20951.439453,20835.580078,296780000
2017-03-07,20924.759766,20934.890625,20970.539063,20901.259766,274630000
2017-03-06,20954.339844,20955.710938,20986.429688,20912.109375,266620000
2017-03-03,21005.710938,21008.75,21039.960938,20953.859375,254420000
2017-03-02,21002.970703,21128.910156,21129.199219,20996.609375,319910000
2017-03-01,21115.550781,20957.289063,21169.109375,20957.289063,392820000
2017-02-28,20812.240234,20833.880859,20841.240234,20781.210938,339210000
2017-02-27,20837.439453,20808.710938,20851.330078,20774.759766,256540000
2017-02-24,20821.759766,20751.910156,20821.759766,20733.949219,292540000
2017-02-23,20810.320313,20817.210938,20840.699219,20746.410156,302110000
2017-02-22,20775.599609,20715.410156,20781.589844,20692.390625,310530000
2017-02-21,20743.0,20663.429688,20757.640625,20663.369141,336880000
2017-02-17,20624.050781,20564.130859,20624.050781,20532.609375,340620000
2017-02-16,20619.769531,20627.310547,20639.869141,20556.830078,354120000
2017-02-15,20611.859375,20504.269531,20620.449219,20496.029297,384380000
2017-02-14,20504.410156,20374.220703,20504.410156,20374.019531,356580000
2017-02-13,20412.160156,20338.539063,20441.480469,20322.949219,314620000
2017-02-10,20269.369141,20211.230469,20298.210938,20204.759766,312230000
2017-02-09,20172.400391,20061.730469,20206.359375,20061.730469,325310000
2017-02-08,20054.339844,20049.289063,20068.279297,20015.330078,280410000
2017-02-07,20090.289063,20107.619141,20155.349609,20068.679688,279670000
2017-02-06,20052.419922,20025.609375,20094.949219,20002.810547,281720000
2017-02-03,20071.460938,19964.210938,20081.480469,19964.210938,344220000
2017-02-02,19884.910156,19858.339844,19922.75,19831.089844,347220000
2017-02-01,19890.939453,19923.810547,19967.730469,19845.990234,426670000
2017-01-31,19864.089844,19913.160156,19918.169922,19784.769531,373750000
2017-01-30,19971.130859,20028.619141,20028.619141,19870.390625,317280000
2017-01-27,20093.779297,20103.359375,20115.970703,20072.640625,343130000
2017-01-26,20100.910156,20076.25,20125.580078,20067.529297,356730000
2017-01-25,20068.509766,19994.480469,20082.0,19994.480469,372240000
2017-01-24,19912.710938,19794.679688,19949.240234,19786.710938,374460000
2017-01-23,19799.849609,19794.789063,19833.980469,19732.359375,326690000
2017-01-20,19827.25,19795.060547,19843.939453,19759.140625,435260000
2017-01-19,19732.400391,19813.550781,19824.140625,19677.939453,301750000
2017-01-18,19804.720703,19822.730469,19828.199219,19739.0,279760000
2017-01-17,19826.769531,19848.820313,19882.990234,19775.349609,341900000
2017-01-13,19885.730469,19912.539063,19952.029297,19849.380859,263780000
2017-01-12,19891.0,19926.210938,19929.289063,19770.470703,306290000
2017-01-11,19954.279297,19887.380859,19973.419922,19833.160156,336150000
2017-01-10,19855.529297,19876.349609,19957.119141,19836.029297,299410000
2017-01-09,19887.380859,19931.410156,19943.779297,19887.380859,287510000
2017-01-06,19963.800781,19906.960938,19999.630859,19834.080078,277700000
2017-01-05,19899.289063,19924.560547,19948.599609,19811.119141,269920000
2017-01-04,19942.160156,19890.939453,19956.140625,19878.830078,280010000
2017-01-03,19881.759766,19872.859375,19938.529297,19775.929688,339180000
2016-12-30,19762.599609,19833.169922,19852.550781,19718.669922,271910000
2016-12-29,19819.779297,19835.460938,19878.439453,19788.939453,172040000
2016-12-28,19833.679688,19964.310547,19981.109375,19827.310547,188350000
2016-12-27,19945.039063,19943.460938,19980.240234,19939.800781,158540000
2016-12-23,19933.810547,19908.609375,19934.150391,19899.060547,158260000
2016-12-22,19918.880859,19922.679688,19933.830078,19882.189453,258290000
2016-12-21,19941.960938,19968.970703,19986.560547,19941.960938,256640000
2016-12-20,19974.619141,19920.589844,19987.630859,19920.419922,284080000
2016-12-19,19883.060547,19836.660156,19917.779297,19832.949219,302310000
2016-12-16,19843.410156,19909.009766,19923.169922,19821.0,573470000
2016-12-15,19852.240234,19811.5,19951.289063,19811.5,357350000
2016-12-14,19792.529297,19876.130859,19966.429688,19748.669922,408430000
2016-12-13,19911.210938,19852.210938,19953.75,19846.449219,388420000
2016-12-12,19796.429688,19770.199219,19824.589844,19747.740234,333660000
2016-12-09,19756.849609,19631.349609,19757.740234,19623.189453,334470000
2016-12-08,19614.810547,19559.939453,19664.970703,19527.830078,324570000
2016-12-07,19549.619141,19241.990234,19558.419922,19229.830078,385200000
2016-12-06,19251.779297,19219.910156,19255.890625,19184.740234,284960000
2016-12-05,19216.240234,19244.349609,19274.849609,19186.730469,317800000
2016-12-02,19170.419922,19161.25,19196.140625,19141.179688,84920000
2016-12-01,19191.929688,19149.199219,19214.300781,19138.789063,108800000
2016-11-30,19123.580078,19135.640625,19225.289063,19123.380859,164570000
2016-11-29,19121.599609,19064.070313,19144.400391,19062.220703,81510000
2016-11-28,19097.900391,19122.140625,19138.720703,19072.25,88460000
2016-11-25,19152.140625,19093.720703,19152.140625,19093.720703,45890000
2016-11-23,19083.179688,19015.519531,19083.759766,19000.380859,77880000
2016-11-22,19023.869141,18970.390625,19043.900391,18962.820313,85310000
2016-11-21,18956.689453,18898.679688,18960.759766,18883.099609,80520000
2016-11-18,18867.929688,18905.330078,18915.740234,18853.830078,109880000
2016-11-17,18903.820313,18866.220703,18904.029297,18845.269531,89940000
2016-11-16,18868.140625,18909.849609,18909.849609,18825.890625,87320000
2016-11-15,18923.060547,18858.210938,18925.259766,18806.060547,100660000
2016-11-14,18868.689453,18876.769531,18934.050781,18815.75,112250000
2016-11-11,18847.660156,18781.650391,18855.779297,18736.960938,107300000
2016-11-10,18807.880859,18603.140625,18873.660156,18603.140625,164390000
2016-11-09,18589.689453,18317.259766,18650.060547,18252.550781,173110000
2016-11-08,18332.740234,18251.380859,18400.5,18200.75,79820000
2016-11-07,18259.599609,17994.640625,18263.300781,17994.640625,93450000
2016-11-04,17888.279297,17928.349609,17986.759766,17883.560547,97760000
2016-11-03,17930.669922,17978.75,18006.960938,17904.070313,77860000
2016-11-02,17959.640625,18017.720703,18044.150391,17931.890625,88610000
2016-11-01,18037.099609,18158.240234,18177.009766,17940.839844,101280000
2016-10-31,18142.419922,18176.599609,18193.679688,18130.580078,110080000
2016-10-28,18161.189453,18193.789063,18257.060547,18094.970703,107850000
2016-10-27,18169.679688,18234.810547,18253.199219,18149.199219,83530000
2016-10-26,18199.330078,18103.800781,18236.039063,18062.300781,86340000
2016-10-25,18169.269531,18206.519531,18241.689453,18151.699219,83190000
2016-10-24,18223.029297,18197.140625,18275.039063,18191.179688,88540000
2016-10-21,18145.710938,18152.630859,18168.759766,18049.769531,117810000
2016-10-20,18162.349609,18161.869141,18249.050781,18129.070313,88830000
2016-10-19,18202.619141,18178.210938,18252.199219,18169.25,88040000
2016-10-18,18161.939453,18145.060547,18225.800781,18129.449219,74600000
2016-10-17,18086.400391,18135.849609,18162.279297,18063.019531,75960000
2016-10-14,18138.380859,18177.349609,18261.109375,18138.380859,87050000
2016-10-13,18098.939453,18088.320313,18137.699219,17959.949219,83160000
2016-10-12,18144.199219,18132.630859,18193.960938,18082.089844,72230000
2016-10-11,18128.660156,18308.429688,18312.330078,18061.960938,88610000
2016-10-10,18329.039063,18282.949219,18399.960938,18282.949219,72110000
2016-10-07,18240.490234,18295.349609,18319.730469,18149.349609,82680000
2016-10-06,18268.5,18280.419922,18288.119141,18162.970703,78660000
2016-10-05,18281.029297,18205.5,18315.820313,18205.5,76190000
2016-10-04,18168.449219,18267.679688,18313.769531,18116.259766,79710000
2016-10-03,18253.849609,18279.599609,18279.800781,18203.75,68520000
2016-09-30,18308.150391,18181.800781,18369.619141,18181.800781,135470000
2016-09-29,18143.449219,18322.880859,18366.230469,18091.640625,95880000
2016-09-28,18339.240234,18240.220703,18349.859375,18179.339844,97650000
2016-09-27,18228.300781,18099.210938,18238.099609,18052.160156,84130000
2016-09-26,18094.830078,18217.759766,18217.759766,18083.320313,95510000
2016-09-23,18261.449219,18377.359375,18383.759766,18254.839844,87170000
2016-09-22,18392.460938,18343.759766,18449.880859,18343.759766,73030000
2016-09-21,18293.699219,18164.960938,18307.429688,18121.570313,94090000
2016-09-20,18129.960938,18175.359375,18227.210938,18128.800781,72450000
2016-09-19,18120.169922,18154.820313,18254.880859,18093.050781,78090000
2016-09-16,18123.800781,18217.210938,18217.210938,18070.210938,278510000
2016-09-15,18212.480469,18024.910156,18250.109375,18015.490234,99550000
2016-09-14,18034.769531,18073.390625,18163.480469,17992.210938,103360000
2016-09-13,18066.75,18262.990234,18262.990234,18028.060547,102830000
2016-09-12,18325.070313,18028.949219,18358.689453,17994.839844,103260000
2016-09-09,18085.449219,18404.169922,18404.169922,18085.449219,120670000
2016-09-08,18479.910156,18486.689453,18506.240234,18446.689453,79060000
2016-09-07,18526.140625,18527.710938,18536.890625,18474.769531,67570000
2016-09-06,18538.119141,18493.400391,18551.539063,18450.320313,83710000
2016-09-02,18491.960938,18466.009766,18544.759766,18439.099609,74350000
2016-09-01,18419.300781,18396.570313,18430.050781,18295.480469,74780000
2016-08-31,18400.880859,18436.699219,18439.679688,18333.560547,98250000
2016-08-30,18454.300781,18491.279297,18514.289063,18408.519531,68920000
2016-08-29,18502.990234,18421.289063,18523.089844,18419.919922,64480000
2016-08-26,18395.400391,18467.919922,18572.089844,18335.339844,78730000
2016-08-25,18448.410156,18471.210938,18497.679688,18431.460938,64480000
2016-08-24,18481.480469,18537.5,18539.150391,18448.269531,72270000
2016-08-23,18547.300781,18568.939453,18631.599609,18545.519531,73990000
2016-08-22,18529.419922,18535.859375,18570.919922,18466.859375,73450000
2016-08-19,18552.570313,18585.169922,18585.169922,18491.240234,93170000
2016-08-18,18597.699219,18566.539063,18600.820313,18533.289063,70740000
2016-08-17,18573.939453,18537.089844,18582.349609,18468.679688,71000000
2016-08-16,18552.019531,18614.480469,18614.859375,18550.650391,67570000
2016-08-15,18636.050781,18588.589844,18722.609375,18559.929688,62350000
2016-08-12,18576.470703,18595.650391,18606.060547,18535.859375,61580000
2016-08-11,18613.519531,18519.080078,18638.339844,18519.080078,71470000
2016-08-10,18495.660156,18541.480469,18561.75,18468.779297,62780000
2016-08-09,18533.050781,18538.050781,18585.320313,18507.75,60090000
2016-08-08,18529.289063,18541.890625,18569.310547,18502.029297,71810000
2016-08-05,18543.529297,18402.800781,18543.529297,18402.800781,92420000
2016-08-04,18352.050781,18351.429688,18397.869141,18325.169922,64500000
2016-08-03,18355.0,18313.080078,18355.0,18283.230469,78550000
2016-08-02,18313.769531,18401.150391,18403.650391,18247.789063,89680000
2016-08-01,18404.509766,18434.5,18467.029297,18355.75,83470000
2016-07-29,18432.240234,18442.519531,18466.550781,18371.119141,111550000
2016-07-28,18456.349609,18461.009766,18483.259766,18368.820313,85750000
2016-07-27,18472.169922,18473.269531,18542.390625,18430.939453,111370000
2016-07-26,18473.75,18497.369141,18522.470703,18387.220703,85370000
2016-07-25,18493.060547,18554.490234,18555.689453,18452.619141,76810000
2016-07-22,18570.849609,18524.150391,18571.300781,18491.589844,87710000
2016-07-21,18517.230469,18589.960938,18590.439453,18469.669922,86800000
2016-07-20,18595.029297,18582.699219,18622.009766,18555.650391,93230000
2016-07-19,18559.009766,18503.119141,18562.529297,18495.109375,85840000
2016-07-18,18533.050781,18521.550781,18556.130859,18489.839844,75540000
2016-07-15,18516.550781,18508.880859,18557.429688,18471.619141,123690000
2016-07-14,18506.410156,18414.300781,18537.570313,18414.300781,87050000
2016-07-13,18372.119141,18356.779297,18390.160156,18315.759766,80920000
2016-07-12,18347.669922,18259.119141,18371.949219,18259.119141,90170000
2016-07-11,18226.929688,18161.529297,18283.900391,18161.529297,80880000
2016-07-08,18146.740234,17971.220703,18166.769531,17971.220703,93460000
2016-07-07,17895.880859,17924.240234,17984.949219,17816.650391,81570000
2016-07-06,17918.619141,17807.470703,17926.910156,17713.449219,93000000
2016-07-05,17840.619141,17904.449219,17904.449219,17785.279297,103650000
2016-07-01,17949.369141,17924.240234,18002.380859,17916.910156,82160000
2016-06-30,17929.990234,17712.759766,17930.609375,17711.800781,133030000
2016-06-29,17694.679688,17456.019531,17704.509766,17456.019531,106380000
2016-06-28,17409.720703,17190.509766,17409.720703,17190.509766,112190000
2016-06-27,17140.240234,17355.210938,17355.210938,17063.080078,138740000
2016-06-24,17400.75,17946.630859,17946.630859,17356.339844,239000000
2016-06-23,18011.070313,17844.109375,18011.070313,17844.109375,98070000
2016-06-22,17780.830078,17832.669922,17920.160156,17770.359375,89440000
2016-06-21,17829.730469,17827.330078,17877.839844,17799.800781,85130000
2016-06-20,17804.869141,17736.869141,17946.359375,17736.869141,99380000
2016-06-17,17675.160156,17733.439453,17733.439453,17602.779297,248680000
2016-06-16,17733.099609,17602.230469,17754.910156,17471.289063,91950000
2016-06-15,17640.169922,17703.650391,17762.960938,17629.009766,94130000
2016-06-14,17674.820313,17710.769531,17733.919922,17595.789063,93740000
2016-06-13,17732.480469,17830.5,17893.279297,17731.349609,101690000
2016-06-10,17865.339844,17938.820313,17938.820313,17812.339844,90540000
2016-06-09,17985.189453,17969.980469,18005.220703,17915.880859,69690000
2016-06-08,18005.050781,17931.910156,18016.0,17931.910156,71260000
2016-06-07,17938.279297,17936.220703,18003.230469,17936.220703,78750000
2016-06-06,17920.330078,17825.689453,17949.679688,17822.810547,71870000
2016-06-03,17807.060547,17799.800781,17833.169922,17689.679688,82270000
2016-06-02,17838.560547,17789.050781,17838.560547,17703.550781,75560000
2016-06-01,17789.669922,17754.550781,17809.179688,17664.789063,78530000
2016-05-31,17787.199219,17891.5,17899.240234,17724.029297,147390000
2016-05-27,17873.220703,17826.849609,17873.220703,17824.730469,73190000
2016-05-26,17828.289063,17859.519531,17888.660156,17803.820313,68940000
2016-05-25,17851.509766,17735.089844,17891.710938,17735.089844,79180000
2016-05-24,17706.050781,17525.189453,17742.589844,17525.189453,86480000
2016-05-23,17492.929688,17507.039063,17550.699219,17480.050781,87790000
2016-05-20,17500.939453,17437.320313,17571.75,17437.320313,111990000
2016-05-19,17435.400391,17514.160156,17514.160156,17331.070313,95530000
2016-05-18,17526.619141,17501.279297,17636.220703,17418.210938,79120000
2016-05-17,17529.980469,17701.460938,17701.460938,17469.919922,103260000
2016-05-16,17710.710938,17531.759766,17755.800781,17531.759766,88440000
2016-05-13,17535.320313,17711.119141,17734.740234,17512.480469,86640000
2016-05-12,17720.5,17711.119141,17798.189453,17625.380859,88560000
2016-05-11,17711.119141,17919.029297,17919.029297,17711.050781,87390000
2016-05-10,17928.349609,17726.660156,17934.609375,17726.660156,75790000
2016-05-09,17705.910156,17743.849609,17783.160156,17668.380859,85590000
2016-05-06,17740.630859,17650.300781,17744.539063,17580.380859,80020000
2016-05-05,17660.710938,17664.480469,17736.109375,17615.820313,81530000
2016-05-04,17651.259766,17735.019531,17738.060547,17609.009766,95020000
2016-05-03,17750.910156,17870.75,17870.75,17670.880859,97060000
2016-05-02,17891.160156,17783.779297,17912.349609,17773.710938,80100000
2016-04-29,17773.640625,17813.089844,17814.830078,17651.980469,136670000
2016-04-28,17830.759766,18023.880859,18035.730469,17796.550781,100920000
2016-04-27,18041.550781,17996.140625,18084.660156,17920.259766,109090000
2016-04-26,17990.320313,17987.380859,18043.769531,17934.169922,92570000
2016-04-25,17977.240234,17990.939453,17990.939453,17855.550781,83770000
2016-04-22,18003.75,17985.050781,18026.849609,17909.890625,134120000
2016-04-21,17982.519531,18092.839844,18107.289063,17963.890625,102720000
2016-04-20,18096.269531,18059.490234,18167.630859,18031.210938,100210000
2016-04-19,18053.599609,18012.099609,18103.460938,17984.429688,89820000
2016-04-18,18004.160156,17890.199219,18009.529297,17848.220703,89390000
2016-04-15,17897.460938,17925.949219,17937.650391,17867.410156,118160000
2016-04-14,17926.429688,17912.25,17962.140625,17885.439453,84510000
2016-04-13,17908.279297,17741.660156,17918.349609,17741.660156,91710000
2016-04-12,17721.25,17571.339844,17744.429688,17553.570313,81020000
2016-04-11,17556.410156,17586.480469,17731.630859,17555.900391,107100000
2016-04-08,17576.960938,17555.390625,17694.509766,17528.160156,79990000
2016-04-07,17541.960938,17687.279297,17687.279297,17484.230469,90120000
2016-04-06,17716.050781,17605.449219,17723.550781,17542.539063,99410000
2016-04-05,17603.320313,17718.029297,17718.029297,17579.560547,115230000
2016-04-04,17737.0,17799.390625,17806.380859,17710.669922,85230000
2016-04-01,17792.75,17661.740234,17811.480469,17568.019531,104890000
2016-03-31,17685.089844,17716.050781,17755.699219,17669.720703,102600000
2016-03-30,17716.660156,17652.359375,17790.109375,17652.359375,79330000
2016-03-29,17633.109375,17512.580078,17642.810547,17434.269531,86160000
2016-03-28,17535.390625,17526.080078,17583.810547,17493.029297,70460000
2016-03-24,17515.730469,17485.330078,17517.140625,17399.009766,84100000
2016-03-23,17502.589844,17588.810547,17588.810547,17486.269531,84240000
2016-03-22,17582.570313,17602.710938,17648.939453,17540.419922,95450000
2016-03-21,17623.869141,17589.699219,17644.970703,17551.279297,84410000
2016-03-18,17602.300781,17481.490234,17620.580078,17481.490234,321230000
2016-03-17,17481.490234,17321.380859,17529.009766,17297.650391,117990000
2016-03-16,17325.759766,17249.339844,17379.179688,17204.070313,118710000
2016-03-15,17251.529297,17217.150391,17251.699219,17120.349609,92830000
2016-03-14,17229.130859,17207.490234,17275.070313,17161.160156,96350000
2016-03-11,17213.310547,17014.990234,17220.089844,17014.990234,123420000
2016-03-10,16995.130859,17006.050781,17130.109375,16821.859375,117570000
2016-03-09,17000.359375,16969.169922,17048.5,16947.939453,116690000
2016-03-08,16964.099609,17050.669922,17072.789063,16921.509766,108380000
2016-03-07,17073.949219,16991.289063,17099.25,16940.480469,100290000
2016-03-04,17006.769531,16945.0,17062.380859,16898.839844,106910000
2016-03-03,16943.900391,16896.169922,16944.310547,16820.730469,91110000
2016-03-02,16899.320313,16851.169922,16900.169922,16766.320313,104470000
2016-03-01,16865.080078,16545.669922,16865.560547,16545.669922,105050000
2016-02-29,16516.5,16634.150391,16726.119141,16510.400391,126220000
2016-02-26,16639.970703,16712.699219,16795.980469,16623.910156,98480000
2016-02-25,16697.289063,16504.380859,16697.980469,16458.419922,94120000
2016-02-24,16484.990234,16418.839844,16507.390625,16165.860352,93620000
2016-02-23,16431.779297,16610.390625,16610.390625,16403.529297,98170000
2016-02-22,16620.660156,16417.130859,16664.240234,16417.130859,102240000
2016-02-19,16391.990234,16410.960938,16410.960938,16278.0,134340000
2016-02-18,16413.429688,16483.759766,16511.839844,16390.429688,104950000
2016-02-17,16453.830078,16217.980469,16486.119141,16217.980469,124080000
2016-02-16,16196.410156,16012.389648,16196.410156,16012.389648,142030000
2016-02-12,15973.839844,15691.620117,15974.040039,15691.620117,132550000
2016-02-11,15660.179688,15897.820313,15897.820313,15503.009766,172070000
2016-02-10,15914.740234,16035.610352,16201.889648,15899.910156,122290000
2016-02-09,16014.379883,16005.410156,16136.620117,15881.110352,127740000
2016-02-08,16027.049805,16147.509766,16147.509766,15803.549805,165880000
2016-02-05,16204.969727,16417.949219,16423.630859,16129.80957,139010000
2016-02-04,16416.580078,16329.669922,16485.839844,16266.160156,131490000
2016-02-03,16336.660156,16186.200195,16381.69043,15960.450195,141870000
2016-02-02,16153.540039,16420.210938,16420.210938,16108.44043,126210000
2016-02-01,16449.179688,16453.630859,16510.980469,16299.469727,114450000
2016-01-29,16466.300781,16090.259766,16466.300781,16090.259766,217940000
2016-01-28,16069.639648,15960.280273,16102.139648,15863.719727,130120000
2016-01-27,15944.459961,16168.740234,16235.030273,15878.299805,138350000
2016-01-26,16167.230469,15893.160156,16185.790039,15893.160156,118210000
2016-01-25,15885.219727,16086.459961,16086.459961,15880.150391,123250000
2016-01-22,16093.509766,15921.099609,16136.790039,15921.099609,145850000
2016-01-21,15882.679688,15768.870117,16038.589844,15704.660156,145140000
2016-01-20,15766.740234,15989.450195,15989.450195,15450.55957,191870000
2016-01-19,16016.019531,16009.450195,16171.959961,15900.25,144360000
2016-01-15,15988.080078,16354.330078,16354.330078,15842.110352,239210000
2016-01-14,16379.049805,16159.009766,16482.050781,16075.120117,158830000
2016-01-13,16151.410156,16526.630859,16593.509766,16123.200195,153530000
2016-01-12,16516.220703,16419.109375,16591.349609,16322.070313,117480000
2016-01-11,16398.570313,16358.709961,16461.849609,16232.030273,127790000
2016-01-08,16346.450195,16519.169922,16651.890625,16314.570313,141850000
2016-01-07,16514.099609,16888.359375,16888.359375,16463.630859,176240000
2016-01-06,16906.509766,17154.830078,17154.830078,16817.619141,120250000
2016-01-05,17158.660156,17147.5,17195.839844,17038.609375,105750000
2016-01-04,17148.939453,17405.480469,17405.480469,16957.630859,148060000
2015-12-31,17425.029297,17590.660156,17590.660156,17421.160156,93690000
2015-12-30,17603.869141,17711.939453,17714.130859,17588.869141,59760000
2015-12-29,17720.980469,17547.369141,17750.019531,17547.369141,69860000
2015-12-28,17528.269531,17535.660156,17536.900391,17437.339844,59770000
2015-12-24,17552.169922,17593.259766,17606.339844,17543.949219,40350000
2015-12-23,17602.609375,17427.630859,17607.919922,17427.630859,92820000
2015-12-22,17417.269531,17253.550781,17451.109375,17242.859375,91570000
2015-12-21,17251.619141,17154.939453,17272.359375,17116.730469,114910000
2015-12-18,17128.550781,17495.039063,17496.580078,17124.310547,344560000
2015-12-17,17495.839844,17756.539063,17796.759766,17493.5,115780000
2015-12-16,17749.089844,17530.849609,17784.359375,17483.679688,123790000
2015-12-15,17524.910156,17374.779297,17627.630859,17341.179688,123430000
2015-12-14,17368.5,17277.109375,17378.019531,17138.470703,142540000
2015-12-11,17265.210938,17574.75,17574.75,17230.5,134510000
2015-12-10,17574.75,17493.169922,17697.740234,17474.660156,107310000
2015-12-09,17492.300781,17558.179688,17767.689453,17403.509766,122020000
2015-12-08,17568.0,17703.990234,17703.990234,17485.390625,113720000
2015-12-07,17730.509766,17845.490234,17845.490234,17639.25,99670000
2015-12-04,17847.630859,17482.679688,17866.470703,17482.679688,137650000
2015-12-03,17477.669922,17741.570313,17780.589844,17425.560547,126990000
2015-12-02,17729.679688,17883.140625,17901.580078,17708.199219,102860000
2015-12-01,17888.349609,17719.720703,17895.5,17719.720703,103880000
2015-11-30,17719.919922,17802.839844,17837.240234,17719.789063,155560000
2015-11-27,17813.390625,17806.039063,17830.359375,17749.320313,82540000
2015-11-25,17813.390625,17820.810547,17854.919922,17801.830078,82540000
2015-11-24,17812.189453,17770.900391,17862.599609,17683.509766,127170000
2015-11-23,17792.679688,17823.609375,17868.179688,17751.529297,134680000
2015-11-20,17823.810547,17732.75,17914.339844,17732.75,153140000
2015-11-19,17732.75,17739.830078,17772.970703,17681.980469,114630000
2015-11-18,17737.160156,17485.490234,17752.160156,17485.490234,106810000
2015-11-17,17489.5,17486.990234,17599.330078,17451.410156,167190000
2015-11-16,17483.009766,17229.939453,17483.009766,17210.429688,137590000
2015-11-13,17245.240234,17439.25,17439.25,17238.890625,134640000
2015-11-12,17448.070313,17691.929688,17691.929688,17443.5,113660000
2015-11-11,17702.220703,17769.5,17807.179688,17696.910156,95230000
2015-11-10,17758.210938,17724.130859,17768.660156,17657.720703,108640000
2015-11-09,17730.480469,17900.779297,17900.779297,17667.779297,121210000
2015-11-06,17910.330078,17855.220703,17912.039063,17768.599609,107450000
2015-11-05,17863.429688,17871.25,17929.509766,17779.189453,98910000
2015-11-04,17867.580078,17929.580078,17964.119141,17828.830078,99890000
2015-11-03,17918.150391,17819.740234,17977.849609,17796.019531,92290000
2015-11-02,17828.759766,17672.619141,17845.900391,17655.019531,100840000
2015-10-30,17663.539063,17756.599609,17799.960938,17662.869141,149250000
2015-10-29,17755.800781,17771.5,17786.0,17684.720703,90300000
2015-10-28,17779.519531,17586.689453,17779.949219,17556.710938,115630000
2015-10-27,17581.429688,17608.890625,17635.179688,17540.570313,113960000
2015-10-26,17623.050781,17649.570313,17660.699219,17602.509766,116660000
2015-10-23,17646.699219,17525.109375,17679.369141,17525.109375,158090000
2015-10-22,17489.160156,17180.880859,17505.179688,17180.880859,152420000
2015-10-21,17168.609375,17225.929688,17314.990234,17153.130859,107100000
2015-10-20,17217.109375,17228.470703,17264.880859,17147.990234,106670000
2015-10-19,17230.539063,17209.429688,17235.949219,17129.189453,118430000
2015-10-16,17215.970703,17141.75,17220.019531,17107.349609,145880000
2015-10-15,17141.75,16944.859375,17144.419922,16933.570313,122960000
2015-10-14,16924.75,17079.080078,17111.380859,16887.669922,120110000
2015-10-13,17081.890625,17113.550781,17172.810547,17034.449219,99400000
2015-10-12,17131.859375,17082.289063,17139.210938,17064.580078,72500000
2015-10-09,17084.490234,17054.689453,17110.880859,17027.230469,103730000
2015-10-08,17050.75,16904.169922,17081.279297,16859.339844,100730000
2015-10-07,16912.289063,16805.419922,16963.300781,16765.0,115690000
2015-10-06,16790.189453,16774.019531,16865.089844,16746.029297,120010000
2015-10-05,16776.429688,16502.099609,16798.369141,16502.099609,127660000
2015-10-02,16472.369141,16258.25,16472.769531,16013.660156,136870000
2015-10-01,16272.009766,16278.620117,16348.870117,16073.820313,111420000
2015-09-30,16284.700195,16057.080078,16297.599609,16057.080078,145740000
2015-09-29,16049.129883,16001.759766,16118.889648,15942.370117,121160000
2015-09-28,16001.889648,16313.259766,16313.259766,15981.849609,139930000
2015-09-25,16314.669922,16205.070313,16465.230469,16205.070313,130790000
2015-09-24,16201.320313,16257.110352,16257.110352,16016.360352,122220000
2015-09-23,16279.889648,16332.80957,16355.290039,16211.980469,86030000
2015-09-22,16330.469727,16477.449219,16477.449219,16221.730469,119010000
2015-09-21,16510.189453,16406.099609,16578.599609,16391.880859,90730000
2015-09-18,16384.580078,16674.740234,16674.740234,16343.759766,341690000
2015-09-17,16674.740234,16738.080078,16933.429688,16639.929688,129600000
2015-09-16,16739.949219,16599.509766,16755.980469,16593.900391,99620000
2015-09-15,16599.849609,16382.580078,16644.109375,16382.580078,93050000
2015-09-14,16370.959961,16450.859375,16450.859375,16330.870117,92660000
2015-09-11,16433.089844,16330.400391,16434.759766,16244.650391,104630000
2015-09-10,16330.400391,16252.570313,16441.939453,16212.080078,122690000
2015-09-09,16253.570313,16505.039063,16664.650391,16220.099609,118790000
2015-09-08,16492.679688,16109.929688,16503.410156,16109.929688,123870000
2015-09-04,16102.379883,16371.759766,16371.759766,16026.610352,127270000
2015-09-03,16374.759766,16364.339844,16550.070313,16317.30957,109730000
2015-09-02,16351.379883,16058.349609,16352.580078,16058.349609,133480000
2015-09-01,16058.349609,16528.029297,16528.029297,15979.950195,171390000
2015-08-31,16528.029297,16632.019531,16632.019531,16444.050781,141440000
2015-08-28,16643.009766,16649.419922,16669.970703,16535.179688,131790000
2015-08-27,16654.769531,16285.509766,16666.689453,16285.509766,171980000
2015-08-26,16285.509766,15676.259766,16303.75,15676.259766,208420000
2015-08-25,15666.44043,15882.269531,16312.94043,15651.240234,213220000
2015-08-24,15871.349609,16459.75,16459.75,15370.330078,293920000
2015-08-21,16459.75,16990.689453,16990.689453,16459.550781,225170000
2015-08-20,16990.689453,17345.320313,17345.320313,16990.689453,128530000
2015-08-19,17348.730469,17508.740234,17517.189453,17282.419922,104720000
2015-08-18,17511.339844,17537.300781,17568.400391,17486.419922,79900000
2015-08-17,17545.179688,17472.660156,17551.400391,17341.720703,73380000
2015-08-14,17477.400391,17410.119141,17492.900391,17394.060547,82120000
2015-08-13,17408.25,17401.640625,17481.779297,17341.339844,88550000
2015-08-12,17402.509766,17382.929688,17423.900391,17125.810547,120400000
2015-08-11,17402.839844,17593.589844,17593.589844,17352.630859,103010000
2015-08-10,17615.169922,17375.179688,17629.130859,17375.179688,92430000
2015-08-07,17373.380859,17414.939453,17414.939453,17279.080078,81800000
2015-08-06,17419.75,17542.609375,17572.039063,17362.859375,96170000
2015-08-05,17540.470703,17555.240234,17661.369141,17492.900391,102450000
2015-08-04,17550.689453,17596.929688,17635.779297,17505.5,99060000
2015-08-03,17598.199219,17696.740234,17704.759766,17496.609375,87880000
2015-07-31,17689.859375,17755.869141,17783.589844,17671.589844,106120000
2015-07-30,17745.980469,17743.240234,17761.25,17640.849609,76650000
2015-07-29,17751.390625,17631.400391,17776.779297,17629.199219,93140000
2015-07-28,17630.269531,17449.810547,17650.070313,17449.810547,103450000
2015-07-27,17440.589844,17561.779297,17561.779297,17399.169922,117860000
2015-07-24,17568.529297,17731.050781,17756.539063,17553.730469,103470000
2015-07-23,17731.919922,17853.779297,17860.949219,17705.029297,88600000
2015-07-22,17851.039063,17918.349609,17919.349609,17807.410156,112370000
2015-07-21,17919.289063,18096.669922,18096.669922,17868.339844,100170000
2015-07-20,18100.410156,18085.910156,18137.119141,18064.5,75060000
2015-07-17,18086.449219,18117.580078,18121.119141,18032.060547,106510000
2015-07-16,18120.25,18078.160156,18131.609375,18065.330078,85030000
2015-07-15,18050.169922,18053.380859,18090.390625,18010.150391,80460000
2015-07-14,18053.580078,17974.609375,18072.820313,17956.169922,76740000
2015-07-13,17977.679688,17787.269531,17987.570313,17787.269531,86380000
2015-07-10,17760.410156,17561.119141,17797.490234,17561.119141,85800000
2015-07-09,17548.619141,17530.380859,17764.849609,17530.380859,100520000
2015-07-08,17515.419922,17759.009766,17759.009766,17496.220703,69830000
2015-07-07,17776.910156,17684.919922,17793.449219,17465.679688,105840000
2015-07-06,17683.580078,17728.080078,17734.359375,17564.359375,90130000
2015-07-02,17730.109375,17763.320313,17825.490234,17687.519531,83080000
2015-07-01,17757.910156,17638.119141,17801.830078,17638.119141,87010000
2015-06-30,17619.509766,17599.960938,17714.660156,17576.5,126460000
2015-06-29,17596.349609,17936.740234,17936.740234,17590.550781,116340000
2015-06-26,17946.679688,17892.029297,18013.150391,17892.029297,158120000
2015-06-25,17890.359375,17977.109375,18036.099609,17890.359375,78990000
2015-06-24,17966.070313,18139.099609,18139.099609,17966.070313,104980000
2015-06-23,18144.070313,18121.779297,18188.810547,18108.099609,75970000
2015-06-22,18119.779297,18027.630859,18181.669922,18027.630859,77780000
2015-06-19,18015.949219,18116.240234,18117.710938,18010.580078,258300000
2015-06-18,18115.839844,17944.609375,18174.730469,17944.609375,94460000
2015-06-17,17935.740234,17909.580078,17998.0,17839.650391,92410000
2015-06-16,17904.480469,17787.429688,17919.619141,17774.119141,77510000
2015-06-15,17791.169922,17890.759766,17890.759766,17698.419922,91920000
2015-06-12,17898.839844,18035.830078,18035.830078,17857.070313,83760000
2015-06-11,18039.369141,18001.269531,18109.769531,18001.269531,89490000
2015-06-10,18000.400391,17765.380859,18045.140625,17765.380859,96980000
2015-06-09,17764.039063,17766.949219,17817.830078,17714.970703,90550000
2015-06-08,17766.550781,17849.460938,17852.349609,17760.609375,86300000
2015-06-05,17849.460938,17905.380859,17940.779297,17822.900391,89140000
2015-06-04,17905.580078,18072.470703,18087.150391,17876.949219,93470000
2015-06-03,18076.269531,18018.419922,18168.089844,18010.419922,73120000
2015-06-02,18011.939453,18033.330078,18091.869141,17925.330078,77550000
2015-06-01,18040.369141,18017.820313,18105.830078,17982.060547,85640000
2015-05-29,18010.679688,18128.119141,18128.119141,17967.740234,139810000
2015-05-28,18126.119141,18154.140625,18154.140625,18066.400391,67510000
2015-05-27,18162.990234,18045.080078,18190.349609,18045.080078,96400000
2015-05-26,18041.539063,18229.75,18229.75,17990.019531,109440000
2015-05-22,18232.019531,18286.869141,18286.869141,18217.140625,78890000
2015-05-21,18285.740234,18285.869141,18314.890625,18249.900391,84270000
2015-05-20,18285.400391,18315.060547,18350.130859,18272.560547,80190000
2015-05-19,18312.390625,18300.480469,18351.359375,18261.349609,87200000
2015-05-18,18298.880859,18267.25,18325.539063,18244.259766,79080000
2015-05-15,18272.560547,18251.970703,18272.720703,18215.070313,108220000
2015-05-14,18252.240234,18062.490234,18255.210938,18062.490234,91580000
2015-05-13,18060.490234,18070.369141,18132.789063,18039.199219,85180000
2015-05-12,18068.230469,18096.160156,18119.179688,17924.800781,89270000
2015-05-11,18105.169922,18187.779297,18199.949219,18089.109375,86050000
2015-05-08,18191.109375,17933.640625,18205.230469,17933.640625,94960000
2015-05-07,17924.060547,17840.25,17973.070313,17796.939453,80920000
2015-05-06,17841.980469,17934.810547,18019.75,17733.119141,100430000
2015-05-05,17928.199219,18062.529297,18086.009766,17905.710938,95340000
2015-05-04,18070.400391,18026.019531,18133.759766,18026.019531,86010000
2015-05-01,18024.060547,17859.269531,18028.890625,17859.269531,91700000
2015-04-30,17840.519531,18033.330078,18033.330078,17774.890625,129180000
2015-04-29,18035.529297,18093.689453,18096.460938,17953.689453,102080000
2015-04-28,18110.140625,18035.900391,18119.650391,17917.359375,124930000
2015-04-27,18037.970703,18097.890625,18175.560547,18024.660156,121110000
2015-04-24,18080.140625,18056.419922,18108.869141,18009.080078,119130000
2015-04-23,18058.689453,18031.900391,18133.029297,17966.769531,100240000
2015-04-22,18038.269531,17950.820313,18056.019531,17887.759766,91260000
2015-04-21,17949.589844,18034.230469,18109.699219,17929.630859,95180000
